scenario,segment,stem,frame_id,frame_offset,timestamp,class_id,class_name,object_key,gt_track_id,matched,pred_score,velocity_valid,gt_x_ego,pred_x_ego,err_x_ego,gt_y_ego,pred_y_ego,err_y_ego,gt_z_ego,pred_z_ego,err_z_ego,gt_yaw_ego_rad,pred_yaw_ego_rad,yaw_error_rad,gt_vx_ego,pred_vx_ego,err_vx_ego,gt_vy_ego,pred_vy_ego,err_vy_ego,gt_speed,pred_speed,velocity_error,center_error_xy,center_error_3d,gt_x_global,pred_x_global,gt_y_global,pred_y_global,gt_z_global,pred_z_global,gt_yaw_global,pred_yaw_global,gt_vx_global,pred_vx_global,gt_vy_global,pred_vy_global
scen08,0,live_000170,170,170,1784644557.171,0,vehicle,scen08#seg0:0:3,3,True,0.869916155556993,True,15.81470012664795,15.800910949707031,-0.013789176940917969,-2.5178000926971436,-2.561384677886963,-0.043584585189819336,0.8068000078201294,0.748021125793457,-0.05877888202667236,0.12662700535718507,0.13221521415424067,0.005588208797055572,4.006199836730957,2.954202175140381,-1.0519976615905762,0.5715000033378601,0.6065284609794617,0.03502845764160156,4.0467578857201625,3.015822817338955,1.0525806728402294,0.045713865149170696,0.07446283931721936,138.0393979599281,138.07624867929383,1333.0032740070294,1332.9762225385093,0.5734285088227647,0.5146496267960924,1.3706008681445585,1.376189076941614,0.7448827006091395,0.37397999687793226,3.977612242033096,2.9925451086854906
scen08,0,live_000170,170,170,1784644557.171,0,vehicle,scen08#seg0:0:1,1,True,0.7914276060273728,True,28.7367000579834,29.400453567504883,0.6637535095214844,0.002400000113993883,0.02510710433125496,0.022707104217261076,0.8148000240325928,0.7533937692642212,-0.06140625476837158,0.2384059950331071,0.23339880423008652,-0.005007190803020478,3.914900064468384,3.2162749767303467,-0.6986250877380371,1.0033999681472778,1.0440044403076172,0.040604472160339355,4.04144207070354,3.381474530042155,0.6998040699913082,0.6641418026174989,0.6669745588166756,139.8010173586315,139.9926005207981,1346.0503498413823,1346.6862588175402,0.5814285250352281,0.5200222702668565,1.4823798578204803,1.4773726670174598,0.30653394874437256,0.043795459615706855,4.029800360950862,3.381190907807612
scen08,0,live_000170,170,170,1784644557.171,1,pedestrian,scen08#seg0:1:4,4,True,0.6675891653573771,True,27.885799407958984,28.384140014648438,0.4983406066894531,13.470800399780273,13.800369262695312,0.32956886291503906,0.3555999994277954,0.4825648367404938,0.12696483731269836,2.4805809866979156,1.2330212712969169,-1.2475597154009987,0.0,-0.013385855592787266,-0.013385855592787266,0.0,0.0004295706166885793,0.0004295706166885793,0.0,0.013392746576624091,0.013392746576624091,0.597460455326312,0.6108019855833509,126.7723676201506,126.62022868509393,1349.5683218756549,1350.146087174127,0.12222850043043076,0.24919333774312913,-2.5586304576942975,2.47699513408429,0.0,-0.004704164604534095,0.0,-0.012539397762218284
scen08,0,live_000170,170,170,1784644557.171,1,pedestrian,scen08#seg0:1:5,5,True,0.10027337790980972,True,39.2140007019043,38.7555046081543,-0.45849609375,19.00670051574707,18.96115493774414,-0.04554557800292969,0.5557000041007996,0.4923824369907379,-0.06331756711006165,0.26418800810329973,0.9974158953658064,0.7332278872625064,0.0,-0.007459393702447414,-0.007459393702447414,0.0,0.009471136145293713,0.009471136145293713,0.0,0.01205591034682994,0.01205591034682994,0.46075271855913097,0.46508298395487113,125.1662507228966,125.06219200962029,1362.074109462307,1361.6252611005511,0.3223285051034349,0.25901093799337327,1.5081618708906728,2.241389758153179,0.0,-0.011364531418584362,0.0,-0.004023978122059078
scen08,0,live_000171,171,171,1784644557.315,0,vehicle,scen08#seg0:0:3,3,True,0.8623879797866181,True,15.845600128173828,15.748343467712402,-0.09725666046142578,-2.481600046157837,-2.4932687282562256,-0.011668682098388672,0.8120999932289124,0.7417163252830505,-0.07038366794586182,0.12705399943411502,0.13037391676437013,0.003319917330255162,4.004000186920166,3.073169708251953,-0.9308304786682129,0.5763000249862671,0.5708699226379395,-0.005430102348327637,4.045261328475071,3.1257422357401836,0.9308463170841939,0.09795415328623037,0.12061872516129349,138.1469996577631,138.12708777957877,1333.5717848112408,1333.4758758270257,0.5759668932648706,0.5055832253190088,1.3737386766382684,1.3770585939685231,0.7288467890767923,0.4375555507990999,3.979060388296255,3.0949652121235447
scen08,0,live_000171,171,171,1784644557.315,0,vehicle,scen08#seg0:0:1,1,True,0.7089121307158237,True,28.761600494384766,29.91975212097168,1.158151626586914,0.06599999964237213,0.03911634162068367,-0.02688365802168846,0.8209999799728394,0.7514334917068481,-0.06956648826599121,0.23836200359489684,0.18776076424654753,-0.05060123934834948,3.9165000915527344,3.2717864513397217,-0.6447136402130127,1.0058000087738037,0.7859551906585693,-0.21984481811523438,4.043588335226765,3.364864357577184,0.6811662219523473,1.158463603759109,1.1605504803860125,139.8453604161595,140.2396772086473,1346.6266269086263,1347.715916671911,0.5848668800087976,0.5153003917428064,1.4850466807990497,1.434445441450701,0.29384327031586555,0.29692175146677924,4.032897563448896,3.3517382980177937
scen08,0,live_000171,171,171,1784644557.315,1,pedestrian,scen08#seg0:1:4,4,True,0.6982198527678065,True,27.38680076599121,27.90298080444336,0.5161800384521484,13.395099639892578,13.70219898223877,0.3070993423461914,0.35839998722076416,0.48232775926589966,0.1239277720451355,2.4778880104498016,1.4582794881842343,-1.0196085222655675,0.0,-0.015337888151407242,-0.015337888151407242,0.0,-0.002062191953882575,-0.002062191953882575,0.0,0.015475898959341157,0.015475898959341157,0.6006262050276567,0.6132780208437245,126.77242544779945,126.64570174890358,1349.5682833851608,1350.1553889483298,0.12226688725672244,0.24619465930185794,-2.558612619525631,2.704964165388388,0.0,-0.0029297864846870095,0.0,-0.015196045530133227
scen08,0,live_000171,171,171,1784644557.315,1,pedestrian,scen08#seg0:1:5,5,True,0.10652726967503767,True,38.72999954223633,38.193870544433594,-0.5361289978027344,18.900299072265625,18.844703674316406,-0.05559539794921875,0.5584999918937683,0.4705563187599182,-0.0879436731338501,0.2614770141505614,1.0057431242898407,0.7442661101392796,0.0,-0.009052613750100136,-0.009052613750100136,0.0,0.012263474054634571,0.012263474054634571,0.0,0.015242788839224839,0.015242788839224839,0.5390038502256699,0.5461311565936976,125.16629204659816,125.04825352128667,1362.0741106175014,1361.5481904171854,0.32236689192972656,0.2344232187958765,1.5081616913547151,2.252427801493994,0.0,-0.01450792120371495,0.0,-0.004675770946485242
scen08,0,live_000172,172,172,1784644557.399,0,vehicle,scen08#seg0:0:3,3,True,0.883222982482387,True,15.857399940490723,15.783135414123535,-0.0742645263671875,-2.4616000652313232,-2.487380027770996,-0.02577996253967285,0.8141999840736389,0.7441710233688354,-0.07002896070480347,0.12855600941655343,0.12911932078945706,0.0005633113729035522,4.002200126647949,2.938296318054199,-1.06390380859375,0.5812000036239624,0.5459812879562378,-0.03521871566772461,4.044180918054156,2.988591778662522,1.0644865766525995,0.0786118715277128,0.10528001558930608,138.2061334063025,138.20703975662713,1333.888548951735,1333.8099423052336,0.5763099519620593,0.5062809912572558,1.3767600638994253,1.3773233752723284,0.7175823679586553,0.41369903132702635,3.980009402394447,2.9598199152935467
scen08,0,live_000172,172,172,1784644557.399,0,vehicle,scen08#seg0:0:1,1,True,0.8098892396733071,True,28.770299911499023,29.164283752441406,0.3939838409423828,0.10109999775886536,0.08385714143514633,-0.017242856323719025,0.8245999813079834,0.8006828427314758,-0.02391713857650757,0.23937099653903585,0.21796598514576532,-0.021405011393270446,3.9166998863220215,3.2413172721862793,-0.6753826141357422,1.011299967765808,0.8830645084381104,-0.12823545932769775,4.045153349913704,3.359455400066526,0.6874489133788885,0.39436098059761593,0.3950855762181164,139.86935296529796,140.01060957084016,1346.9478030641524,1347.3159975160506,0.5867099491964037,0.5627928106198962,1.4875750510219072,1.4661700396286363,0.2825625273122878,0.19006922108750768,4.035272486769259,3.3540742800706327
scen08,0,live_000172,172,172,1784644557.399,1,pedestrian,scen08#seg0:1:4,4,True,0.6454675511479024,True,27.103500366210938,26.868118286132812,-0.235382080078125,13.353300094604492,13.261555671691895,-0.09174442291259766,0.36010000109672546,0.46427464485168457,0.1041746437549591,2.4764139861694967,0.837062076416126,-1.6393519097533709,0.0,-0.005464434158056974,-0.005464434158056974,0.0,-0.0030454988591372967,-0.0030454988591372967,0.0,0.006255805621080822,0.006255805621080822,0.2526296949241526,0.2732656567498797,126.77232483421847,126.78471450393334,1349.5682767359758,1349.3159510360524,0.12220996898514583,0.22638461274010493,-2.558567266527218,2.0852661308989973,0.0,0.001156033570103571,0.0,-0.006148063951646892
scen08,0,live_000172,172,172,1784644557.399,1,pedestrian,scen08#seg0:1:5,5,True,0.11347051572260458,True,38.45500183105469,37.769309997558594,-0.6856918334960938,18.84119987487793,18.773651123046875,-0.06754875183105469,0.5601999759674072,0.49074530601501465,-0.06945466995239258,0.26001199408981657,0.9449714529687485,0.6849594588789318,0.0,-0.009958299808204174,-0.009958299808204174,0.0,0.015621907077729702,0.015621907077729702,0.0,0.01852597408546446,0.01852597408546446,0.6890109755273628,0.6925027621427686,125.16623167456306,125.01291378376585,1362.0740391784336,1361.4023028099386,0.32230994385582756,0.252855273903435,1.508216048572688,2.1931755074516204,0.0,-0.017973120648222717,0.0,-0.00449206522434068
scen08,0,live_000173,173,173,1784644557.518,0,vehicle,scen08#seg0:0:3,3,True,0.8765966518434816,True,15.892600059509277,15.787117958068848,-0.10548210144042969,-2.4275999069213867,-2.4751861095428467,-0.04758620262145996,0.8159999847412109,0.7538789510726929,-0.062121033668518066,0.1319510013392999,0.12617701921636598,-0.005773982122934118,3.997299909591675,2.9177346229553223,-1.0795652866363525,0.59579998254776,0.5554622411727905,-0.04033774137496948,4.0414581757610115,2.970136971818124,1.0803186296132563,0.1157191445017623,0.1313390392391573,138.302870522325,138.3148459915966,1334.4133034303459,1334.2982056087335,0.5750610953486452,0.5129400616801272,1.3826265795466348,1.3768525974237011,0.6923432301514891,0.39091283528531984,3.9817138317675376,2.9442997107241187
scen08,0,live_000173,173,173,1784644557.518,0,vehicle,scen08#seg0:0:1,1,True,0.7867470467788067,True,28.80109977722168,29.849796295166016,1.048696517944336,0.16110000014305115,0.09152888506650925,-0.0695711150765419,0.8314999938011169,0.7918384075164795,-0.03966158628463745,0.24189599317541063,0.21647506002342545,-0.025420933151985015,3.9182000160217285,3.341463088989258,-0.5767369270324707,1.021299958229065,0.9350922703742981,-0.08620768785476685,4.0491165666391185,3.469837622885456,0.5831442775575547,1.0510016778300444,1.051749765024068,139.9077451159875,140.30378689420886,1347.4806332918606,1348.454160608737,0.5905611044085513,0.5508995181239138,1.4925715713827454,1.4671506382307609,0.2635685001289624,0.16390836057878932,4.0405292494883795,3.465964105198403
scen08,0,live_000173,173,173,1784644557.518,1,pedestrian,scen08#seg0:1:4,4,True,0.699893278012766,True,26.662099838256836,26.499534606933594,-0.1625652313232422,13.31659984588623,13.202823638916016,-0.11377620697021484,0.5128999948501587,0.512955904006958,5.5909156799316406e-05,2.473912972883384,1.5048883121613714,-0.9690246607220123,0.0,-0.003760403022170067,-0.003760403022170067,0.0,-0.002310521202161908,-0.002310521202161908,0.0,0.00441351777098331,0.00441351777098331,0.19842499768856847,0.19842500556518128,126.74747548363554,126.80431534826666,1349.5900882295246,1349.399978499378,0.27196110545759294,0.27201701461439226,-2.5585967560888676,2.7555638903687063,0.0,0.001009812732118673,0.0,-0.004296442407485116
scen08,0,live_000173,173,173,1784644557.518,1,pedestrian,scen08#seg0:1:5,5,True,0.12536924674953998,True,38.01430130004883,37.18968200683594,-0.8246192932128906,18.745899200439453,18.66179084777832,-0.08410835266113281,0.5633000135421753,0.47792160511016846,-0.08537840843200684,0.2574659924426666,1.0618143806295481,0.8043483881868818,0.0,-0.011631309986114502,-0.011631309986114502,0.0,0.019194183871150017,0.019194183871150017,0.0,0.022443352389351336,0.022443352389351336,0.8288975773437252,0.8332830649621288,125.166322621448,124.98666588354564,1362.074066967766,1361.2648731403967,0.32236112414960955,0.2369827157176027,1.5081415706500012,2.312489958836883,0.0,-0.02187922427552025,0.0,-0.005000361144366238
scen08,0,live_000174,174,174,1784644557.587,0,vehicle,scen08#seg0:0:3,3,True,0.880771835406307,True,15.844400405883789,15.73544692993164,-0.10895347595214844,-2.416300058364868,-2.439272403717041,-0.02297234535217285,0.8184999823570251,0.759096086025238,-0.05940389633178711,0.13192999679910092,0.10984988404375663,-0.022080112755344494,3.9974000453948975,3.0443594455718994,-0.953040599822998,0.5950000286102295,0.5026425719261169,-0.09235745668411255,4.041439366979208,3.085575147189798,0.9575052400463079,0.1113489495820903,0.12620384888121516,138.3445087474545,138.33218626099898,1334.6473756270475,1334.536710614959,0.5758997235486423,0.5164958272168552,1.3840318892585435,1.361951776503199,0.6874544003943799,0.47654786915508784,3.9825417266298295,3.048553118671067
scen08,0,live_000174,174,174,1784644557.587,0,vehicle,scen08#seg0:0:1,1,True,0.781950249870988,True,28.752099990844727,29.81328010559082,1.0611801147460938,0.17949999868869781,0.14964210987091064,-0.02985788881778717,0.8345000147819519,0.7939056158065796,-0.040594398975372314,0.2416790036313124,0.21186590746780481,-0.02981309616350769,3.918600082397461,3.592890977859497,-0.32570910453796387,1.0221999883651733,0.9789273142814636,-0.04327267408370972,4.049730783889116,3.7238641577574354,0.32857106552658777,1.0616000798121616,1.062375938491342,139.9237502689244,140.28460105834623,1347.718446077805,1348.716835499439,0.591899755973569,0.5513053569981967,1.4937808960907546,1.4639677999272473,0.25707581174373373,0.1961160453391041,4.041562995796978,3.718696379403815
scen08,0,live_000174,174,174,1784644557.587,1,pedestrian,scen08#seg0:1:4,4,True,0.6682116337395101,True,26.400999069213867,26.156015396118164,-0.24498367309570312,13.27869987487793,13.165499687194824,-0.11320018768310547,0.5067999958992004,0.5071899890899658,0.00038999319076538086,2.472503004968062,2.2673854483400824,-0.2051175566279797,0.0,-0.009474553167819977,-0.009474553167819977,0.0,-0.0063286530785262585,-0.0063286530785262585,0.0,0.01139381444109862,0.01139381444109862,0.2698727155066859,0.26987299729621245,126.74749331427797,126.77823333980048,1349.590067194693,1349.3219509262462,0.2641997370908176,0.264589730281583,-2.5585804097520812,-2.763697966380061,0.0,0.0030413422722537268,0.0,-0.010980402756784014
scen08,0,live_000174,174,174,1784644557.587,1,pedestrian,scen08#seg0:1:5,5,True,0.153103559757775,True,37.76100158691406,36.68822479248047,-1.0727767944335938,18.6919002532959,18.58883285522461,-0.10306739807128906,0.5648999810218811,0.5291593074798584,-0.035740673542022705,0.2560130098434246,1.069846475169723,0.8138334653262982,0.0,-0.012539092451334,-0.012539092451334,0.0,0.02234720252454281,0.02234720252454281,0.0,0.025624720489715272,0.025624720489715272,1.0777165393647825,1.0783090164538365,125.16626858809224,124.92801611922185,1362.0741420064023,1361.0230907705925,0.3222997222134983,0.2865590486714756,1.508114902302867,2.3219483676291652,0.0,-0.025150752029456297,0.0,-0.00490570815773153
scen08,0,live_000175,175,175,1784644557.703,0,vehicle,scen08#seg0:0:3,3,True,0.8864143505568904,True,15.898200035095215,15.782674789428711,-0.1155252456665039,-2.382999897003174,-2.406569242477417,-0.023569345474243164,0.8169999718666077,0.7649711966514587,-0.052028775215148926,0.13485199689560864,0.1264504146154082,-0.008401582280200603,3.9948999881744385,2.928337812423706,-1.0665621757507324,0.605400025844574,0.5156927704811096,-0.08970725536346436,4.0405117382342475,2.9733989603140945,1.070328111565319,0.11790503141253263,0.1288743181661063,138.43197861012402,138.4184370944994,1335.1418419932781,1335.0247171718825,0.5750048304365717,0.5229760552214228,1.3892862939211197,1.3808847116409186,0.6675019626450631,0.4209379279425148,3.984993881635671,2.9434525031018257
scen08,0,live_000175,175,175,1784644557.703,0,vehicle,scen08#seg0:0:1,1,True,0.8127821354934781,True,28.801700592041016,29.153627395629883,0.3519268035888672,0.23680000007152557,0.21833181381225586,-0.018468186259269714,0.8379999995231628,0.80629563331604,-0.0317043662071228,0.2439110110300002,0.2182445003987435,-0.02566651063125658,3.917099952697754,3.3768200874328613,-0.5402798652648926,1.03410005569458,0.843097984790802,-0.19100207090377808,4.051300404143376,3.4804781445727238,0.5730480991157569,0.3524110511717591,0.35383430560727086,139.9566136621919,140.08365370625452,1348.220036290727,1348.5487525455615,0.5960048580931269,0.5643004918860041,1.4983453080555114,1.4726787974242548,0.23587234504869348,0.24930853980563006,4.044428167424106,3.471537608442169
scen08,0,live_000175,175,175,1784644557.703,1,pedestrian,scen08#seg0:1:4,4,True,0.6635046166766934,True,25.994199752807617,25.684297561645508,-0.3099021911621094,13.216699600219727,13.059514045715332,-0.15718555450439453,0.5062000155448914,0.522365391254425,0.01616537570953369,2.4701029975399806,2.2295275237536476,-0.24057547378633304,0.0,-0.03962427377700806,-0.03962427377700806,0.0,-0.00020214985124766827,-0.00020214985124766827,0.0,0.03962478942426884,0.03962478942426884,0.3474862107076057,0.34786202150243556,126.7474158726082,126.80038681953263,1349.5900539358254,1349.246628914294,0.2642048741148554,0.2803702498243891,-2.5586480126140945,-2.799223486400428,0.0,-0.012135437357002184,0.0,-0.03772075154436777
scen08,0,live_000175,175,175,1784644557.703,1,pedestrian,scen08#seg0:1:5,5,True,0.13949316225151964,True,37.366798400878906,36.13017272949219,-1.2366256713867188,18.603300094604492,18.475648880004883,-0.12765121459960938,0.5644000172615051,0.5020865797996521,-0.06231343746185303,0.25373398573963707,1.1114824387101305,0.8577484529704935,0.0,-0.016699276864528656,-0.016699276864528656,0.0,0.024799607694149017,0.024799607694149017,0.0,0.029897932864696133,0.029897932864696133,1.2431966392013005,1.2447573451117775,125.16627618329991,124.90286442502267,1362.0741022447319,1360.8591322330349,0.32240487583146915,0.2600914383696161,1.5081682827651477,2.3659167357356417,0.0,-0.028764222410721806,0.0,-0.008155114878921496
scen08,0,live_000176,176,176,1784644557.779,0,vehicle,scen08#seg0:0:3,3,True,0.888515597230672,True,15.891400337219238,15.823901176452637,-0.06749916076660156,-2.364799976348877,-2.395258665084839,-0.030458688735961914,0.8170999884605408,0.7604612112045288,-0.05663877725601196,0.1349640005552858,0.12217368178543916,-0.01279031876984682,3.9953999519348145,3.041471242904663,-0.9539287090301514,0.6026999950408936,0.545411229133606,-0.0572887659072876,4.040602437748982,3.089987173158016,0.9556474164727864,0.07405314594066707,0.09322992820315736,138.48449655246014,138.49256892182245,1335.4498001737459,1335.3761883182021,0.5761208332558934,0.5194820559998814,1.3910960035901851,1.3783056848203383,0.6634578534912244,0.4226954053802471,3.9857611238738113,3.060939287955822
scen08,0,live_000176,176,176,1784644557.779,0,vehicle,scen08#seg0:0:1,1,True,0.8049631485402102,True,28.793399810791016,28.98715591430664,0.193756103515625,0.26660001277923584,0.24008643627166748,-0.02651357650756836,0.8396999835968018,0.8016505837440491,-0.038049399852752686,0.24382900072749467,0.22882086015746392,-0.015008140570030637,3.9184999465942383,3.2477867603302,-0.6707131862640381,1.0306999683380127,0.8678461909294128,-0.16285377740859985,4.051787785187056,3.361737028931149,0.6902010801532463,0.19556174827603753,0.19922889905316177,139.97543137646036,140.06061013467416,1348.5327268214578,1348.7087636827623,0.5987208283921543,0.5606714285394017,1.4999610037623938,1.4849528631923636,0.23267219691588592,0.179945990300457,4.045101717506417,3.356917528367597
scen08,0,live_000176,176,176,1784644557.779,1,pedestrian,scen08#seg0:1:4,4,True,0.6692747796925573,True,25.70490074157715,25.36685562133789,-0.3380451202392578,13.17240047454834,13.017522811889648,-0.1548776626586914,0.5052000284194946,0.5173983573913574,0.012198328971862793,2.4684340296498997,2.146379101663034,-0.32205492798686564,0.0,-0.026980217546224594,-0.026980217546224594,0.0,-0.0025770310312509537,-0.0025770310312509537,0.0,0.027103011415295458,0.027103011415295458,0.37183543901596267,0.37203547268761816,126.74741943945439,126.7900686089873,1349.5901823779527,1349.2208009463045,0.2642208732148472,0.27641920218671,-2.558619274494787,-2.8806742024816527,0.0,-0.0058998046818109304,0.0,-0.026453081720172373
scen08,0,live_000176,176,176,1784644557.779,1,pedestrian,scen08#seg0:1:5,5,True,0.14881944650559475,True,37.08649826049805,35.608367919921875,-1.4781303405761719,18.539600372314453,18.39795684814453,-0.14164352416992188,0.5633000135421753,0.5365303158760071,-0.026769697666168213,0.25207500664688604,1.1712920443503247,0.9192170377034383,0.0,-0.020013174042105675,-0.020013174042105675,0.0,0.02696751244366169,0.02696751244366169,0.0,0.033582344507771644,0.033582344507771644,1.4849014080642207,1.4851426895703468,125.16632095485149,124.84353248716339,1362.0740809840481,1360.6246880777599,0.3223208583375279,0.29555116067135967,1.5082070096817848,2.427424047385224,0.0,-0.031837439514134175,0.0,-0.010684161540453629
scen08,0,live_000177,177,177,1784644557.894,0,vehicle,scen08#seg0:0:3,3,True,0.8865294397512038,True,15.866499900817871,15.881590843200684,0.0150909423828125,-2.344899892807007,-2.3829047679901123,-0.03800487518310547,0.8144999742507935,0.7594656944274902,-0.05503427982330322,0.13663499010135338,0.12830568591553118,-0.008329304185822117,3.9932000637054443,3.0013837814331055,-0.9918162822723389,0.611299991607666,0.5338679552078247,-0.07743203639984131,4.039719597758822,3.048494644418368,0.9948342867239499,0.040891405939204296,0.06856295672850196,138.55447561249676,138.59527866447905,1335.8586873232364,1335.8613739621433,0.5757278918276709,0.5206936120043677,1.3951946332257386,1.3868653290399156,0.6449199583438767,0.4139340670292855,3.9879083083549487,3.02026127763809
scen08,0,live_000177,177,177,1784644557.894,0,vehicle,scen08#seg0:0:1,1,True,0.7909740529213458,True,28.76740074157715,28.924396514892578,0.1569957733154297,0.3003000020980835,0.2415241152048111,-0.0587758868932724,0.8398000001907349,0.7970008254051208,-0.042799174785614014,0.24483200447357725,0.246747834453704,0.0019158299801267376,3.919100046157837,3.140965461730957,-0.7781345844268799,1.035099983215332,0.9099234342575073,-0.1251765489578247,4.0534895025208515,3.270110806684957,0.7881386933085976,0.16763733987092652,0.17301458632534447,140.00017528564203,140.1043365001865,1348.9483885208258,1349.0797381272341,0.6010279177676123,0.5582287429819983,1.5033916475979616,1.5053074775780884,0.2188485440160639,0.09893910475449585,4.047577357114845,3.2686137339165846
scen08,0,live_000177,177,177,1784644557.894,1,pedestrian,scen08#seg0:1:4,4,True,0.686008970516987,True,25.30699920654297,25.024398803710938,-0.28260040283203125,13.109399795532227,12.957090377807617,-0.15230941772460938,0.503000020980835,0.5076520442962646,0.0046520233154296875,2.4660420049084433,1.7471819971434144,-0.7188600077650289,0.0,-0.008968956768512726,-0.008968956768512726,0.0,-0.001835955074056983,-0.001835955074056983,0.0,0.009154939461809992,0.009154939461809992,0.3210313791647724,0.32106508332324646,126.74741633791864,126.80554998723608,1349.5901023007611,1349.2743783307726,0.2642279385577124,0.2688799618731421,-2.558583659146758,3.005741640267799,0.0,-0.0010079707894634917,0.0,-0.0090992808197678
scen08,0,live_000177,177,177,1784644557.894,1,pedestrian,scen08#seg0:1:5,5,True,0.05234473197677758,True,36.701698303222656,38.01072692871094,1.3090286254882812,18.448999404907227,19.30180549621582,0.8528060913085938,0.5611000061035156,0.5765601396560669,0.01546013355255127,0.24956099220011838,1.2741334414904317,1.0245724492903134,0.0,0.00030368403531610966,0.00030368403531610966,0.0,-0.013154055923223495,-0.013154055923223495,0.0,0.013157560990723053,0.013157560990723053,1.5623169242252932,1.562393416348854,125.16630655931522,124.7568524149315,1362.0741154119494,1363.5818227692862,0.3223279236803931,0.33778805723294436,1.5081206353245031,2.5326930846148166,0.0,0.012611330510744685,0.0,-0.00375176678024597
scen08,0,live_000178,178,178,1784644558.016,0,vehicle,scen08#seg0:0:3,3,True,0.8869016257370959,True,15.920299530029297,15.893967628479004,-0.02633190155029297,-2.3099000453948975,-2.377079486846924,-0.06717944145202637,0.8148999810218811,0.7662822008132935,-0.048617780208587646,0.13815700827141633,0.12623432281530858,-0.01192268545610764,3.9921000003814697,3.154513120651245,-0.8375868797302246,0.6200000047683716,0.5541457533836365,-0.06585425138473511,4.039958219952096,3.202816033485841,0.8401717464433434,0.07215570935872337,0.08700652243062641,138.6421356981403,138.69810238109812,1336.3910479742483,1336.3455048431333,0.5772667961411789,0.5286490159325913,1.3994410701492441,1.387518384693136,0.6254311652832215,0.43303213718050304,3.991252720193371,3.173407271770023
scen08,0,live_000178,178,178,1784644558.016,0,vehicle,scen08#seg0:0:1,1,True,0.772652223924009,True,28.818300247192383,29.059791564941406,0.24149131774902344,0.35749998688697815,0.319880872964859,-0.03761911392211914,0.8414000272750854,0.8062193393707275,-0.03518068790435791,0.2456629931269578,0.27025820865524497,0.024595215528287362,3.9244000911712646,3.3081576824188232,-0.6162424087524414,1.0368000268936157,1.013302206993103,-0.023497819900512695,4.059047963667298,3.4598682943782375,0.6166902414381858,0.2444038753384348,0.24692293348708827,140.03013962541226,140.13952799736566,1349.4886389943572,1349.7071966260287,0.6037668423943833,0.5685861544900254,1.5069470550047859,1.5315422705330732,0.2078155508984918,0.04249299682713059,4.0537245920457385,3.459607341832946
scen08,0,live_000178,178,178,1784644558.016,1,pedestrian,scen08#seg0:1:4,4,True,0.6682104950532555,True,24.868999481201172,24.648405075073242,-0.2205944061279297,13.039999961853027,12.981801986694336,-0.058197975158691406,0.5019000172615051,0.5282571315765381,0.02635711431503296,2.4633119939714487,1.5830551190768838,-0.880256874894565,0.0,-0.005976945627480745,-0.005976945627480745,0.0,-0.0019888621754944324,-0.0019888621754944324,0.0,0.006299162784606669,0.006299162784606669,0.2281422721187497,0.22965973483073032,126.74734981808655,126.73559059846724,1349.5900149761121,1349.3621759603982,0.26426683238080295,0.2906239466958359,-2.55858925133031,2.8443391809547114,0.0,7.381345278520716e-05,0.0,-0.006298730297541051
scen08,0,live_000178,178,178,1784644558.016,1,pedestrian,scen08#seg0:1:5,5,True,0.14064548258525367,True,36.27830123901367,34.460227966308594,-1.8180732727050781,18.348499298095703,18.167428970336914,-0.18107032775878906,0.5600000023841858,0.4945374131202698,-0.06546258926391602,0.24690000111852742,1.0988919252866507,0.8519919241681233,0.0,-0.032736148685216904,-0.032736148685216904,0.0,0.033693827688694,0.033693827688694,0.0,0.04697796776209068,0.04697796776209068,1.82706783905777,1.8282402027940325,125.16630461255617,124.78499646762182,1362.0741099718168,1360.287274504538,0.3223668175034836,0.2569042282395676,1.5081840629963548,2.360175987164478,0.0,-0.04206401081377854,0.0,-0.020917658791421975
scen08,0,live_000179,179,179,1784644558.085,0,vehicle,scen08#seg0:0:3,3,True,0.8850415692908342,True,15.913399696350098,15.946985244750977,0.033585548400878906,-2.2952001094818115,-2.3615617752075195,-0.06636166572570801,0.8152999877929688,0.7651087045669556,-0.050191283226013184,0.13938099472769525,0.12851945802713277,-0.010861536700562446,3.9921000003814697,3.0462565422058105,-0.9458434581756592,0.6251999735832214,0.5437697172164917,-0.08143025636672974,4.04075951029187,3.0944085745572454,0.9493422638994017,0.07437647302257877,0.08972750220056425,138.6862867276799,138.75970595831723,1336.6636995582214,1336.675593939748,0.5778452441721884,0.5276539609461752,1.4022736327505712,1.3914120960500087,0.6140547056305301,0.405006563491931,3.9938295204611816,3.067789776014951
scen08,0,live_000179,179,179,1784644558.085,0,vehicle,scen08#seg0:0:1,1,True,0.7791658152773948,True,28.811399459838867,29.209033966064453,0.39763450622558594,0.3806999921798706,0.36467018723487854,-0.016029804944992065,0.8416000008583069,0.8108679056167603,-0.03073209524154663,0.24618200165014673,0.26387419271955953,0.017692191069413,3.928100109100342,3.3645358085632324,-0.5635643005371094,1.0371999740600586,1.0289582014083862,-0.008241772651672363,4.062727440193878,3.5183598717797224,0.5636245626800904,0.3979574791203704,0.399142351631314,140.04511978739924,140.18090346798456,1349.7660814778894,1350.140157602862,0.6041452572375265,0.5734131619959799,1.509074639673023,1.5267668307424351,0.2020347554088905,0.03909423814166402,4.057700852811992,3.518142667359291
scen08,0,live_000179,179,179,1784644558.085,1,pedestrian,scen08#seg0:1:4,4,True,0.6880754368001263,True,24.61370086669922,24.471046447753906,-0.1426544189453125,12.999699592590332,12.969881057739258,-0.02981853485107422,0.5016999840736389,0.5383465886116028,0.03664660453796387,2.461717001355523,1.7592104673056983,-0.7025065340498244,0.0,-0.003063823562115431,-0.003063823562115431,0.0,-0.002170541789382696,-0.002170541789382696,0.0,0.0037547658354723434,0.0037547658354723434,0.14573753210923213,0.1502744219401671,126.74741826973593,126.7326013943505,1349.5901305155712,1349.4451481426113,0.2642452404528586,0.30089184499082244,-2.558575667801187,3.022103105328574,0.0,0.0011399361149862157,0.0,-0.0035775427506852323
scen08,0,live_000179,179,179,1784644558.085,1,pedestrian,scen08#seg0:1:5,5,False,nan,True,36.03139877319336,nan,nan,18.289899826049805,nan,nan,0.5598000288009644,nan,nan,0.2452609936853251,nan,nan,0.0,nan,nan,0.0,nan,nan,0.0,nan,nan,nan,nan,125.16627656485561,nan,1362.0741216603594,nan,0.322345285180184,nan,1.5081536317082014,nan,0.0,nan,0.0,nan
scen08,0,live_000180,180,180,1784644558.204,0,vehicle,scen08#seg0:0:6,6,True,0.8661027073949867,True,15.940400123596191,15.820032119750977,-0.12036800384521484,-2.2657999992370605,-2.2969563007354736,-0.031156301498413086,0.817799985408783,0.7552499771118164,-0.06255000829696655,0.14039499939942948,0.1246719788012538,-0.01572302059817554,3.9921998977661133,2.634402275085449,-1.357797622680664,0.6305999755859375,0.5468103289604187,-0.0837896466255188,4.041697211931239,2.690553267049956,1.360380494214355,0.12433491654696871,0.1391821648441073,138.76176536767042,138.75531443834885,1337.1457240454129,1337.0215565900003,0.5802523700647269,0.5177023617677603,1.4060014022358747,1.3902783816376987,0.5980936930180264,0.2700280834221733,3.9971990552516656,2.6769687553269166
scen08,0,live_000180,180,180,1784644558.204,0,vehicle,scen08#seg0:0:1,1,True,0.7809864263044943,True,28.83810043334961,29.260971069335938,0.4228706359863281,0.42570000886917114,0.4225304424762726,-0.0031695663928985596,0.84170001745224,0.812928318977356,-0.028771698474884033,0.24630699047275165,0.2559003314496116,0.009593340976859821,3.9309000968933105,3.2130651473999023,-0.7178349494934082,1.0357999801635742,0.8742132186889648,-0.16158676147460938,4.0650777570254055,3.329870326779479,0.7357970482395646,0.4228825143353655,0.423860155668978,140.07006767302548,140.20015254370185,1350.2561470230155,1350.658524392349,0.6041524021081839,0.5753807036332999,1.5119133933091966,1.5215067342860564,0.1931990036754928,0.13162785095304363,4.060484123308635,3.327267723225764
scen08,0,live_000180,180,180,1784644558.204,1,pedestrian,scen08#seg0:1:4,4,True,0.7182076294692052,True,24.19969940185547,24.329862594604492,0.13016319274902344,12.932499885559082,13.062129020690918,0.12962913513183594,0.501800000667572,0.5503975749015808,0.04859757423400879,2.4590090108219527,2.0233745361867754,-0.43563447463517724,0.0,-0.00966271199285984,-0.00966271199285984,0.0,-0.0023666061460971832,-0.0023666061460971832,0.0,0.009948307781110432,0.009948307781110432,0.18370130489914113,0.19002077160951958,126.74748780432245,126.66295954205955,1349.5900592460928,1349.7531578123048,0.26425238532351597,0.31284995955752476,-2.558569893521189,-2.9942043681563657,0.0,-0.0006461518491296899,0.0,-0.009927301521338446
scen08,0,live_000180,180,180,1784644558.204,1,pedestrian,scen08#seg0:1:5,5,False,nan,True,35.63169860839844,nan,nan,18.19179916381836,nan,nan,0.5598999857902527,nan,nan,0.24259700814712276,nan,nan,0.0,nan,nan,0.0,nan,nan,0.0,nan,nan,nan,nan,125.16624353986634,nan,1362.074069071979,nan,0.32235237044619663,nan,1.5082034109835671,nan,0.0,nan,0.0,nan
scen08,0,live_000181,181,181,1784644558.309,0,vehicle,scen08#seg0:0:6,6,True,0.8823063776469553,True,15.965700149536133,15.95391845703125,-0.011781692504882812,-2.240499973297119,-2.2919540405273438,-0.05145406723022461,0.8202999830245972,0.7667401432991028,-0.053559839725494385,0.1407139923003706,0.13783155015212104,-0.00288244214824962,3.9928998947143555,2.7447307109832764,-1.248169183731079,0.6323999762535095,0.6028949618339539,-0.029505014419555664,4.042669823170741,2.810165299554374,1.2485178641460468,0.052785692311573276,0.0751996392560013,138.82582926504256,138.87143106580154,1337.5678318560813,1337.5412460500875,0.5823821567807682,0.5288223170552738,1.4087799506839058,1.4058975085356566,0.5867511015925148,0.24280082011503812,3.999862803141543,2.799656545466067
scen08,0,live_000181,181,181,1784644558.309,0,vehicle,scen08#seg0:0:1,1,True,0.7855219636015676,True,28.863399505615234,29.282569885253906,0.4191703796386719,0.4625999927520752,0.5025036931037903,0.03990370035171509,0.8439000248908997,0.822368323802948,-0.02153170108795166,0.24570500302466816,0.26491584511229144,0.01921084208762336,3.932499885559082,3.235957145690918,-0.6965427398681641,1.0336999893188477,0.9064720273017883,-0.12722796201705933,4.066090384858652,3.360522308366473,0.7080669055831258,0.4210654491503521,0.42161561477242354,140.09080908576752,140.17768619105377,1350.6848903738824,1351.0968958120081,0.6059821986470707,0.584450497559119,1.5137709614082038,1.5329818034958276,0.18569288012301155,0.09947672285108144,4.061847999631645,3.3590496523033915
scen08,0,live_000181,181,181,1784644558.309,1,pedestrian,scen08#seg0:1:4,4,True,0.7010587881854065,True,23.84040069580078,24.132844924926758,0.29244422912597656,12.87279987335205,13.09989070892334,0.22709083557128906,0.5022000074386597,0.5385589003562927,0.03635889291763306,2.456466005292291,2.0615661503581113,-0.39489985493417956,0.0,-0.004100935533642769,-0.004100935533642769,0.0,-0.0016000138130038977,-0.0016000138130038977,0.0,0.004402012772913906,0.004402012772913906,0.3702619002132854,0.37204279840328697,126.74745582209316,126.61787737728265,1349.590129303771,1349.9369769668594,0.2642821811948307,0.30064107411246377,-2.55865334350376,-2.9535531984379393,0.0,0.00030465311467039666,0.0,-0.004391457950683212
scen08,0,live_000181,181,181,1784644558.309,1,pedestrian,scen08#seg0:1:5,5,True,0.10096220637840592,True,35.28519821166992,36.156898498535156,0.8717002868652344,18.103900909423828,19.355905532836914,1.252004623413086,0.5602999925613403,0.572455108165741,0.012155115604400635,0.24015099431758016,1.2137338416928414,0.973582847375261,0.0,0.00398032134398818,0.00398032134398818,0.0,-0.007321343291550875,-0.007321343291550875,0.0,0.008333368202242408,0.008333368202242408,1.5255743073245154,1.5256227299054086,125.16624274076216,124.23104955969163,1362.074021862595,1363.2793395307835,0.3223821663175114,0.334537281921912,1.5082169527011153,2.4817998000763772,0.0,0.008175056234503169,0.0,0.0016166264741293
scen08,0,live_000182,182,182,1784644558.408,0,vehicle,scen08#seg0:0:6,6,True,0.8844363459632731,True,15.996199607849121,15.996052742004395,-0.0001468658447265625,-2.2191998958587646,-2.262657880783081,-0.043457984924316406,0.8216999769210815,0.765625,-0.05607497692108154,0.14362298994950315,0.14069890157414552,-0.0029240883753578473,3.9946000576019287,2.9190423488616943,-1.0755577087402344,0.6399000287055969,0.5851340889930725,-0.054765939712524414,4.045528601670091,2.9771110386664703,1.0769511098388538,0.04345823308946717,0.07094378802938484,138.8845837848968,138.92605141573023,1337.9539615385766,1337.9409594765739,0.5834113715091359,0.5273363945880544,1.4139601237363388,1.411036035360981,0.571004329096794,0.30499595974945615,4.005028804276378,2.96144687628974
scen08,0,live_000182,182,182,1784644558.408,0,vehicle,scen08#seg0:0:1,1,True,0.7795145587588799,True,28.89430046081543,29.32769775390625,0.4333972930908203,0.49480000138282776,0.5357269644737244,0.040926963090896606,0.8432999849319458,0.8193540573120117,-0.023945927619934082,0.2470229950795353,0.25592921631327004,0.008906221233734968,3.9344000816345215,3.4312703609466553,-0.5031297206878662,1.0360000133514404,0.9678965210914612,-0.06810349225997925,4.068513245650051,3.56517039781438,0.5077180334570117,0.43532542995590556,0.4359835288355205,140.1094764328232,140.19865073803547,1351.077468655829,1351.5035627455043,0.6050113795200002,0.5810654519000661,1.517360128866371,1.526266350100106,0.1748326351869951,0.0909794395939052,4.064755045473649,3.5640093584365236
scen08,0,live_000182,182,182,1784644558.408,1,pedestrian,scen08#seg0:1:4,4,True,0.6772748679827458,True,23.51889991760254,23.763164520263672,0.2442646026611328,12.817999839782715,13.016833305358887,0.19883346557617188,0.5024999976158142,0.556084394454956,0.053584396839141846,2.4542230137793073,1.9791141664921417,-0.4751088472871654,0.0,-0.023502657189965248,-0.023502657189965248,0.0,0.00035834102891385555,0.00035834102891385555,0.0,0.023505388813674793,0.023505388813674793,0.3149602247050123,0.31948588502599995,126.74745006059496,126.62981647073643,1349.5900425282553,1349.8822107703404,0.2642113922038686,0.3177957890430104,-2.5586251596134435,-3.033734006900609,0.0,-0.00729810721027664,0.0,-0.022343700106055315
scen08,0,live_000182,182,182,1784644558.408,1,pedestrian,scen08#seg0:1:5,5,True,0.07412100614948969,True,34.975799560546875,36.0308837890625,1.055084228515625,18.023099899291992,19.242013931274414,1.2189140319824219,0.5605999827384949,0.5750677585601807,0.014467775821685791,0.23785399929607084,1.3911666468410822,1.153312647545011,0.0,0.0007051546708680689,0.0007051546708680689,0.0,-0.007683516945689917,-0.007683516945689917,0.0,0.007715806877090118,0.007715806877090118,1.6121272116759446,1.6121921297299782,125.16630585447228,124.31425985776444,1362.0741764212187,1363.4427420082918,0.32231137732654924,0.33677915314823503,1.5081911330829065,2.6615037806279176,0.0,0.007547997441728021,0.0,-0.001600440684379897
scen08,0,live_000183,183,183,1784644558.515,0,vehicle,scen08#seg0:0:6,6,True,0.8786535607966464,True,16.037700653076172,16.009265899658203,-0.02843475341796875,-2.1935999393463135,-2.2554802894592285,-0.06188035011291504,0.8245999813079834,0.7669795751571655,-0.05762040615081787,0.14432400111071345,0.12876050292422003,-0.015563498186493607,3.9964001178741455,3.094740390777588,-0.9016597270965576,0.6425999999046326,0.530764102935791,-0.11183589696884155,4.047733768668824,3.1399249384779013,0.908568946926244,0.06810075573763943,0.08920663729242818,138.9467849438927,138.99759092973238,1338.3804443745255,1338.3350961139756,0.58599177442287,0.5283713682720521,1.4171571931290714,1.4015936949425782,0.5589532250971412,0.4011576493038067,4.008954970335214,3.1141935006804724
scen08,0,live_000183,183,183,1784644558.515,0,vehicle,scen08#seg0:0:1,1,True,0.7819195281617617,True,28.936199188232422,29.250991821289062,0.3147926330566406,0.5311999917030334,0.5490409731864929,0.017840981483459473,0.8446000218391418,0.830195963382721,-0.014404058456420898,0.2467050004660752,0.23953509192056327,-0.007169908545511916,3.9351000785827637,3.374366283416748,-0.5607337951660156,1.0364999771118164,0.8617294430732727,-0.1747705340385437,4.069317489581621,3.482660685125545,0.5873390235710555,0.3152977996228739,0.3156266454959751,140.1287093752845,140.20406936998708,1351.5105187750821,1351.8166781676302,0.6059918149540284,0.5915877564976075,1.5195381924844336,1.5123682839389216,0.16441380292002128,0.16686662854172474,4.065994703934603,3.4786608020901157
scen08,0,live_000183,183,183,1784644558.515,1,pedestrian,scen08#seg0:1:4,4,True,0.7015511633453144,True,23.172000885009766,23.241065979003906,0.06906509399414062,12.758999824523926,12.841219902038574,0.08222007751464844,0.5027999877929688,0.5428457856178284,0.04004579782485962,2.4517029839007436,2.1321468533004566,-0.319556130600287,0.0,-0.02053823508322239,-0.02053823508322239,0.0,0.0005252912524156272,0.0005252912524156272,0.0,0.020544951478004794,0.020544951478004794,0.10737843524159903,0.11460276732419601,126.74749286980636,126.68917139687694,1349.5900720395728,1349.680231532419,0.2641917809078554,0.304237578732715,-2.558649131260484,-2.8782052618607716,0.0,-0.006531630783476376,0.0,-0.01947903566765858
scen08,0,live_000183,183,183,1784644558.515,1,pedestrian,scen08#seg0:1:5,5,True,0.11327292649592202,True,34.64179992675781,35.91560745239258,1.2738075256347656,17.93549919128418,19.103666305541992,1.1681671142578125,0.5608999729156494,0.568000078201294,0.007100105285644531,0.23537800431251338,1.4200632471470411,1.1846852428345276,0.0,-0.004535695072263479,-0.004535695072263479,0.0,-0.00798138789832592,-0.00798138789832592,0.0,0.009180146108428702,0.009180146108428702,1.7283518215910756,1.7283664052197545,125.16631986511429,124.42358274310271,1362.0741550127584,1363.6347771921419,0.32229176603053605,0.3293918713161806,1.5082111963308718,2.6928964391653993,0.0,0.006298138748580696,0.0,-0.0066789618112192434
scen08,0,live_000184,184,184,1784644558.599,0,vehicle,scen08#seg0:0:6,6,True,0.8827596873001369,True,16.062299728393555,16.08174705505371,0.01944732666015625,-2.1763999462127686,-2.2387659549713135,-0.06236600875854492,0.82669997215271,0.7743774652481079,-0.05232250690460205,0.14456500389708665,0.11741795432173315,-0.02714704957535341,3.9972000122070312,3.53902268409729,-0.4581773281097412,0.6434999704360962,0.5647888779640198,-0.07871109247207642,4.048666465583347,3.5838063612906104,0.4648891266441163,0.06532777022597454,0.08369804233959033,138.98962172891922,139.0549482756831,1338.6803924377514,1338.6807922509583,0.5877949165680879,0.5354724096634859,1.419211004377324,1.392063954801971,0.5510574923717254,0.4926274545491528,4.010989377901684,3.549786786026939
scen08,0,live_000184,184,184,1784644558.599,0,vehicle,scen08#seg0:0:1,1,True,0.7897644803425052,True,28.960800170898438,29.536569595336914,0.5757694244384766,0.5551000237464905,0.6072359681129456,0.05213594436645508,0.8456000089645386,0.85056072473526,0.0049607157707214355,0.24643500070694924,0.23579501381592313,-0.010639986891026076,3.935800075531006,3.6394948959350586,-0.29630517959594727,1.0358999967575073,0.9091207981109619,-0.1267791986465454,4.0698416477588015,3.751322929726959,0.32228826330607635,0.5781250615681668,0.5781463443749814,140.14133411140452,140.25950051485503,1351.814545030866,1352.3804648908363,0.6066949533799165,0.611655669150638,1.521081001187187,1.5104410142961608,0.15782081595916486,0.19260715362618597,4.066780499102706,3.7463750756520997
scen08,0,live_000184,184,184,1784644558.599,1,pedestrian,scen08#seg0:1:4,4,True,0.70216996618473,True,22.924299240112305,23.05382537841797,0.12952613830566406,12.716699600219727,12.859570503234863,0.14287090301513672,0.5030999779701233,0.5352040529251099,0.03210407495498657,2.4499149941700855,2.09394002316813,-0.3559749710019555,0.0,-0.011120801791548729,-0.011120801791548729,0.0,0.00276913121342659,0.00276913121342659,0.0,0.011460380454596035,0.011460380454596035,0.19284479622934764,0.19549881601036365,126.74747047968783,126.64862011265087,1349.590075484922,1349.7556584561762,0.26419492238550124,0.2962989973404878,-2.558624312529263,-2.914599283531219,0.0,-0.005894080844937342,0.0,-0.009828536572523375
scen08,0,live_000184,184,184,1784644558.599,1,pedestrian,scen08#seg0:1:5,5,True,0.13698024834479128,True,34.40340042114258,35.90766525268555,1.5042648315429688,17.872400283813477,19.124208450317383,1.2518081665039062,0.5612000226974487,0.5711125135421753,0.009912490844726562,0.23355700878982252,1.00619574147598,0.7726387326861572,0.0,-0.00176408258266747,-0.00176408258266747,0.0,-0.0077920518815517426,-0.0077920518815517426,0.0,0.00798924651536456,0.00798924651536456,1.9569967729004736,1.9570218768878427,125.16627682868442,124.4079686354025,1362.074098878891,1363.8782067063626,0.3222949671128267,0.33220745795755324,1.5082030092700602,2.280841741956218,0.0,0.006938010606561614,0.0,-0.003961321585847749
scen08,0,live_000185,185,185,1784644558.673,0,vehicle,scen08#seg0:0:6,6,True,0.8860720388199894,True,16.12660026550293,16.080232620239258,-0.046367645263671875,-2.153599977493286,-2.2188544273376465,-0.06525444984436035,0.829200029373169,0.7722830176353455,-0.056917011737823486,0.14563599879663763,0.11434747404649229,-0.03128852475014554,3.9976000785827637,3.3690237998962402,-0.6285762786865234,0.6474999785423279,0.5292325615882874,-0.11826741695404053,4.049699076536086,3.410338468321378,0.6396055972553546,0.08005061993381346,0.09822244131027995,139.03733950323073,139.08633746339248,1339.019226214732,1338.9559229632216,0.5896291054836483,0.5327120937458248,1.4221159167701058,1.3908273920199603,0.539988789358445,0.47082978330073566,4.013536435347814,3.3776808291592006
scen08,0,live_000185,185,185,1784644558.673,0,vehicle,scen08#seg0:0:1,1,True,0.7897736810942035,True,29.024900436401367,29.371246337890625,0.3463459014892578,0.5879999995231628,0.6196373105049133,0.03163731098175049,0.8446999788284302,0.811819314956665,-0.03288066387176514,0.2467959881515008,0.25015487655920976,0.0033588884077091485,3.937000036239624,3.4625396728515625,-0.4744603633880615,1.0354000329971313,0.9332998991012573,-0.10210013389587402,4.070874907643474,3.586116240131296,0.48532161889605413,0.3477878705828636,0.34933871955626483,140.1552392008557,140.2254322736361,1352.1582070731786,1352.4988378637104,0.6051290549389096,0.5722483910671444,1.5232759061249688,1.5266347945326775,0.1511889719643602,0.11126469162022012,4.068066421340441,3.5843897466838173
scen08,0,live_000185,185,185,1784644558.673,1,pedestrian,scen08#seg0:1:4,4,True,0.7043931028081118,True,22.677799224853516,22.82118034362793,0.14338111877441406,12.674300193786621,12.849876403808594,0.17557621002197266,0.5037999749183655,0.5289103388786316,0.025110363960266113,2.448118001595208,2.0566486138102094,-0.3914693877849986,0.0,-0.009565937332808971,-0.009565937332808971,0.0,-0.0002490202896296978,-0.0002490202896296978,0.0,0.009569178029479632,0.009569178029479632,0.22668292998521633,0.22806946556893476,126.74743843655142,126.62100470181606,1349.5900900898216,1349.7782380674018,0.26422905102884486,0.289339414989111,-2.5585873876109098,-2.9500567753959084,0.0,-0.0025366292427272366,0.0,-0.009226845628101553
scen08,0,live_000185,185,185,1784644558.673,1,pedestrian,scen08#seg0:1:5,5,True,0.14518092413746242,True,34.16630172729492,35.53105926513672,1.3647575378417969,17.808900833129883,19.031349182128906,1.2224483489990234,0.5619000196456909,0.5262231826782227,-0.03567683696746826,0.23168501236225064,0.7101430725534568,0.47845806019120607,0.0,-0.0018165101064369082,-0.0018165101064369082,0.0,-0.010221854783594608,-0.010221854783594608,0.0,0.010382004824872863,0.010382004824872863,1.8321962512423284,1.8325435710406575,125.16627273396671,124.39228552388838,1362.0740689625654,1363.7347576455227,0.3223290957561703,0.28665225878870204,1.5081649303357185,1.986622990526925,0.0,0.00925537819165726,0.0,-0.0047036154937535645
scen08,0,live_000186,186,186,1784644558.799,0,vehicle,scen08#seg0:0:6,6,True,0.8688964750712245,True,16.178300857543945,16.20412826538086,0.025827407836914062,-2.1273999214172363,-2.199815511703491,-0.07241559028625488,0.8327999711036682,0.7652814984321594,-0.06751847267150879,0.14651199284593405,0.1304835649600739,-0.016028427885860008,3.9992001056671143,3.4200241565704346,-0.5791759490966797,0.6539000272750854,0.5992586612701416,-0.05464136600494385,4.052306347111261,3.4721284789927624,0.5817477622569132,0.07688350090936952,0.10232212304274331,139.10392929131618,139.1807114688365,1339.5060798964316,1339.510025771153,0.5922713756627038,0.524752902991195,1.42606213757354,1.4100337096876796,0.5219927162550274,0.40802481512687794,4.018545798546399,3.448070754041058
scen08,0,live_000186,186,186,1784644558.799,0,vehicle,scen08#seg0:0:1,1,True,0.7821722444733119,True,29.077800750732422,29.528295516967773,0.45049476623535156,0.6225000023841858,0.6325229406356812,0.010022938251495361,0.8429999947547913,0.8172528147697449,-0.025747179985046387,0.24645800061270717,0.24762522972278475,0.0011672291100777166,3.9375,3.43928861618042,-0.4982113838195801,1.031999945640564,1.0240178108215332,-0.007982134819030762,4.070495072813887,3.588498106766667,0.49827532293270366,0.4506062512844638,0.4513412356231366,140.17387821925303,140.29363521648557,1352.6519635250395,1353.0863645555523,0.6024713993138269,0.5767242193287805,1.5260081453403131,1.5271753744503904,0.142098854055405,0.006685355201173082,4.068014018348298,3.5884918793685165
scen08,0,live_000186,186,186,1784644558.799,1,pedestrian,scen08#seg0:1:4,4,True,0.7214858086684544,True,22.289499282836914,22.275775909423828,-0.013723373413085938,12.604299545288086,12.654065132141113,0.049765586853027344,0.5047000050544739,0.5234419107437134,0.018741905689239502,2.4450570218572714,2.127047095941348,-0.3180099259159235,0.0,-0.028850512579083443,-0.028850512579083443,0.0,-0.012141029350459576,-0.012141029350459576,0.0,0.03130106499409521,0.03130106499409521,0.05162310154050415,0.05491997488642498,126.74743617507106,126.69582576334777,1349.5900668678046,1349.591211426416,0.2641714096135095,0.282913315302749,-2.558578140594709,-2.8765880665106325,0.0,0.0033454179605059003,0.0,-0.03112177450651067
scen08,0,live_000186,186,186,1784644558.799,1,pedestrian,scen08#seg0:1:5,5,True,0.15883479000635692,True,33.793800354003906,35.124473571777344,1.3306732177734375,17.70359992980957,18.91087532043457,1.207275390625,0.5627999901771545,0.5448784232139587,-0.0179215669631958,0.22865499620424412,0.6328663070455555,0.40421131084131146,0.0,0.0002657611039467156,0.0002657611039467156,0.0,-0.01206422783434391,-0.01206422783434391,0.0,0.012067154685481135,0.012067154685481135,1.7967206464301178,1.7968100244240282,125.16629948472982,124.39196403478262,1362.0741292801001,1363.6954280472198,0.32227139473619015,0.30434982777299435,1.5082051409318504,1.9124164517731614,0.0,0.011632476667293504,0.0,-0.0032096275154917223
scen08,0,live_000187,187,187,1784644558.901,0,vehicle,scen08#seg0:0:6,6,True,0.6782484936063149,True,16.244199752807617,16.165441513061523,-0.07875823974609375,-2.1034998893737793,-2.1423518657684326,-0.03885197639465332,0.8345999717712402,0.7769868969917297,-0.0576130747795105,0.14864200935420788,0.11716124740892596,-0.03148076194528171,3.9993999004364014,3.421107053756714,-0.5782928466796875,0.6628000140190125,0.5233871340751648,-0.13941287994384766,4.053949114406136,3.4609113778569016,0.5948601244117261,0.0878199088912866,0.10503143711871865,139.16192823471252,139.17676062144915,1339.9386208957421,1339.8520626107465,0.5931810623192098,0.5355679875396993,1.4308685525385663,1.399387790593285,0.5027604987348664,0.47183750731476737,4.022652769393124,3.4285969334511086
scen08,0,live_000187,187,187,1784644558.901,0,vehicle,scen08#seg0:0:1,1,True,0.7901207448028345,True,29.144100189208984,29.299068450927734,0.15496826171875,0.6535000205039978,0.6186214089393616,-0.03487861156463623,0.8413000106811523,0.8054636716842651,-0.03583633899688721,0.24705199438117045,0.23609841890859376,-0.010953575472576915,3.936199903488159,3.4437615871429443,-0.49243831634521484,1.0312999486923218,0.8730949759483337,-0.15820497274398804,4.0690599976398705,3.552715680448903,0.5172275213151712,0.1588448289520555,0.16283710534613294,140.18999732216116,140.2675348589333,1353.0897255536622,1353.2283603619758,0.5998811012291219,0.5640447622322347,1.5292785375655296,1.5183249620929526,0.13151180172743104,0.143036490807252,4.066934215155119,3.5498351043964083
scen08,0,live_000187,187,187,1784644558.901,1,pedestrian,scen08#seg0:1:4,4,True,0.7336412326886155,True,21.963600158691406,21.8736572265625,-0.08994293212890625,12.544300079345703,12.513952255249023,-0.030347824096679688,0.5056999921798706,0.5351990461349487,0.029499053955078125,2.4423669858482344,2.0283844280747627,-0.4139825577734717,0.0,-0.024626677855849266,-0.024626677855849266,0.0,-0.004915380384773016,-0.004915380384773016,0.0,0.025112431713053756,0.025112431713053756,0.09492482008067252,0.0994027949888365,126.74742260610381,126.75091951551586,1349.590026747932,1349.4951663605623,0.2642810827278401,0.29378013668291825,-2.558591778146993,-2.9725743359204646,0.0,-0.0022961567810297215,0.0,-0.025007236764179267
scen08,0,live_000187,187,187,1784644558.901,1,pedestrian,scen08#seg0:1:5,5,True,0.1789812201115737,True,33.48149871826172,34.779930114746094,1.298431396484375,17.61280059814453,18.805973052978516,1.1931724548339844,0.5637999773025513,0.5458358526229858,-0.01796412467956543,0.22597600771681833,0.5564031175153328,0.33042710979851453,0.0,0.001925616874359548,0.001925616874359548,0.0,-0.013301520608365536,-0.013301520608365536,0.0,0.01344018046164527,0.01344018046164527,1.7634014285893387,1.7634929282893153,125.16627523482714,124.39194770378323,1362.074082888783,1363.658381305439,0.3223810678505208,0.30441694317095536,1.508202550901177,1.8386296606996915,0.0,0.013299522407394751,0.0,-0.001939369633874937
scen08,0,live_000188,188,188,1784644558.972,0,vehicle,scen08#seg0:0:6,6,True,0.8912118798939019,True,16.23590087890625,16.216053009033203,-0.019847869873046875,-2.094899892807007,-2.125718116760254,-0.03081822395324707,0.8363999724388123,0.7697687745094299,-0.06663119792938232,0.14864299964047292,0.12586021925968566,-0.022782780380787404,3.9993999004364014,3.4325473308563232,-0.5668525695800781,0.6638000011444092,0.5193495750427246,-0.14445042610168457,4.0541127272351485,3.4716142008676494,0.584968171134546,0.03665652555998581,0.07604878305163348,139.19494897905545,139.21889860958393,1340.1932402087054,1340.165489243611,0.5943111847715135,0.5276799868421311,1.4328144340467048,1.410031653665917,0.4939767395502003,0.47227556620933864,4.0239056879993305,3.439340190970875
scen08,0,live_000188,188,188,1784644558.972,0,vehicle,scen08#seg0:0:1,1,True,0.7881083008830316,True,29.136899948120117,29.387666702270508,0.2507667541503906,0.6610999703407288,0.7001016139984131,0.039001643657684326,0.8416000008583069,0.8270270824432373,-0.01457291841506958,0.2463669984627927,0.23514854487025896,-0.011218453592533706,3.9368999004364014,3.4494681358337402,-0.48743176460266113,1.0273000001907349,0.8601953983306885,-0.1671046018600464,4.068725367538098,3.5551042943128395,0.5152801889326512,0.2537815856107835,0.25419965213637824,140.19870852013608,140.23219388623707,1353.3470905580602,1353.5986533205116,0.5995112131910081,0.5849382947759385,1.5305384328690241,1.5193199792764904,0.1276364787103873,0.15011883700952533,4.066722887750092,3.55193340002547
scen08,0,live_000188,188,188,1784644558.972,1,pedestrian,scen08#seg0:1:4,4,True,0.7277089442065403,True,21.730300903320312,21.69622039794922,-0.03408050537109375,12.501399993896484,12.527748107910156,0.026348114013671875,0.5062999725341797,0.5275121927261353,0.021212220191955566,2.4404100096266643,2.0333998730625096,-0.40701013656415475,0.0,-0.016515929251909256,-0.016515929251909256,0.0,0.0002641580067574978,0.0002641580067574978,0.0,0.016518041606274212,0.016518041606274212,0.04307788247380089,0.04801731191870917,126.74748366428196,126.71257534148272,1349.590101878879,1349.564860782275,0.2642111848668809,0.28542340505883645,-2.5586038631466907,-2.965613999710845,0.0,-0.004922705790055544,0.0,-0.01576745592069816
scen08,0,live_000188,188,188,1784644558.972,1,pedestrian,scen08#seg0:1:5,5,True,0.18942226720552924,True,33.257999420166016,34.525569915771484,1.2675704956054688,17.547500610351562,18.72450065612793,1.1770000457763672,0.5644000172615051,0.5185069441795349,-0.045893073081970215,0.22395399779632247,0.5093894338306559,0.28543543603433363,0.0,0.002708236686885357,0.002708236686885357,0.0,-0.013828415423631668,-0.013828415423631668,0.0,0.014091118446763763,0.014091118446763763,1.7297583845979947,1.7303670833797005,125.16631584195459,124.39569623758862,1362.0741265842498,1363.6227419317308,0.3223112295942063,0.2764181565122361,1.5081254322025544,1.793560868236887,0.0,0.014029927960768327,0.0,-0.0013117699860787512
scen08,0,live_000189,189,189,1784644559.087,0,vehicle,scen08#seg0:0:6,6,True,0.88260969099818,True,16.338199615478516,16.197126388549805,-0.14107322692871094,-2.0645999908447266,-2.075863838195801,-0.011263847351074219,0.8393999934196472,0.7581289410591125,-0.08127105236053467,0.14892600144123294,0.13602215898784617,-0.012903842453386716,4.000699996948242,3.367833137512207,-0.6328668594360352,0.6643000245094299,0.5594197511672974,-0.10488027334213257,4.055477159120107,3.4139786906366885,0.6414985062404672,0.141522187706479,0.1631977743874488,139.25661640498407,139.22794511867056,1340.6851271343298,1340.5465396639208,0.5969703172037709,0.5156992648432362,1.4360431208925313,1.4231392784391446,0.482005299851083,0.4055608252642873,4.02673141382193,3.389803964410383
scen08,0,live_000189,189,189,1784644559.087,0,vehicle,scen08#seg0:0:1,1,True,0.7949062371463071,True,29.239599227905273,29.38555908203125,0.14595985412597656,0.6988000273704529,0.697439432144165,-0.0013605952262878418,0.8411999940872192,0.8397530317306519,-0.0014469623565673828,0.24531799467547788,0.23328195999257575,-0.012036034682902041,3.9374001026153564,3.4360928535461426,-0.5013072490692139,1.0231000185012817,0.8610042333602905,-0.1620957851409912,4.068151080765406,3.542324432919042,0.5268624123334452,0.14596619552432732,0.14597336721439114,140.2146322680199,140.25679114187076,1353.8443329320353,1353.9840782703886,0.5987703178713429,0.5973233555147756,1.532435114126776,1.520399079443874,0.11982877644059897,0.13513521245824134,4.066385899084037,3.5397458753996847
scen08,0,live_000189,189,189,1784644559.087,1,pedestrian,scen08#seg0:1:4,4,True,0.7447259437560447,True,21.38610076904297,21.055036544799805,-0.33106422424316406,12.437000274658203,12.299117088317871,-0.13788318634033203,0.5066999793052673,0.5222897529602051,0.015589773654937744,2.437440973962521,2.026200258917358,-0.4112407150451629,0.0,-0.01672106236219406,-0.01672106236219406,0.0,-0.0023678008001297712,-0.0023678008001297712,0.0,0.01688787752056125,0.01688787752056125,0.3586297445124857,0.3589684313302535,126.74746918988976,126.78718002007713,1349.5901230505383,1349.233698663585,0.26427030308939103,0.2798600767443288,-2.5586272137657673,-2.96986792881093,0.0,-0.0024068880692734336,0.0,-0.016715480758011932
scen08,0,live_000189,189,189,1784644559.087,1,pedestrian,scen08#seg0:1:5,5,True,0.20524682188427512,True,32.92850112915039,34.19395446777344,1.2654533386230469,17.449199676513672,18.619861602783203,1.1706619262695312,0.5648000240325928,0.5500437617301941,-0.014756262302398682,0.22106100338852644,0.48434905021511904,0.26328804682659257,0.0,0.0049358573742210865,0.0049358573742210865,0.0,-0.015141642652451992,-0.015141642652451992,0.0,0.015925829028129307,0.015925829028129307,1.7238971830852632,1.7239603374574608,125.16619542668262,124.39650966738128,1362.0740616198666,1363.6165937361538,0.3223703478167165,0.3076140855143178,1.5081781228398246,1.7714661696664171,0.0,0.01591795959724317,0.0,0.000500592143106591
scen08,0,live_000190,190,190,1784644559.199,0,vehicle,scen08#seg0:0:6,6,True,0.8720096313546577,True,16.374300003051758,16.21245574951172,-0.16184425354003906,-2.0446999073028564,-2.0541512966156006,-0.00945138931274414,0.840399980545044,0.7501136064529419,-0.09028637409210205,0.14949800866253332,0.12690635250363874,-0.02259165615889458,4.002299785614014,3.3158609867095947,-0.686438798904419,0.6657999753952026,0.5565746426582336,-0.109225332736969,4.0573012189338655,3.3622476732139868,0.6950743830359761,0.16211999001934801,0.18556540763453866,139.3112430345613,139.27551055262728,1341.1310775936884,1340.972944482359,0.5981819803195824,0.5078956062274803,1.4397301797482083,1.4171385235893137,0.46846118135906556,0.38334234959921176,4.030165915036489,3.3403230471073635
scen08,0,live_000190,190,190,1784644559.199,0,vehicle,scen08#seg0:0:1,1,True,0.8027481195437858,True,29.277099609375,29.465576171875,0.1884765625,0.718999981880188,0.6935585737228394,-0.025441408157348633,0.8389999866485596,0.8374646902084351,-0.0015352964401245117,0.24423799711850785,0.24368239966423286,-0.0005555974542748032,3.9386000633239746,3.468173027038574,-0.4704270362854004,1.0140999555587769,0.90348219871521,-0.1106177568435669,4.0670590330950365,3.5839230221746083,0.4832575758302894,0.1901859086810724,0.1901921055038938,140.22836221968052,140.30499759647142,1354.2946320968874,1354.4686944388368,0.596781986423098,0.5952466899829735,1.5344701682041837,1.533914570749908,0.11614163485280815,0.0921739621192208,4.065400386103889,3.5827375273079136
scen08,0,live_000190,190,190,1784644559.199,1,pedestrian,scen08#seg0:1:4,4,True,0.7830460633903265,True,21.023700714111328,20.846284866333008,-0.1774158477783203,12.370200157165527,12.326192855834961,-0.044007301330566406,0.5065000057220459,0.5543217658996582,0.047821760177612305,2.4343460002368897,1.9883143349788008,-0.4460316652580891,0.0,-0.02191237173974514,-0.02191237173974514,0.0,0.0026536262594163418,0.0026536262594163418,0.0,0.02207246627781874,0.02207246627781874,0.1827923018436482,0.18894429432979568,126.74738331133773,126.74054384373663,1349.5901378071974,1349.407473505003,0.2642820054965843,0.3121037656741966,-2.558607135857021,-3.00463880111511,0.0,-0.008617355118263864,0.0,-0.020320801124738587
scen08,0,live_000190,190,190,1784644559.199,1,pedestrian,scen08#seg0:1:5,5,True,0.2146066983482271,True,32.58169937133789,33.85309600830078,1.2713966369628906,17.34630012512207,18.512113571166992,1.1658134460449219,0.5645999908447266,0.5705898404121399,0.00598984956741333,0.21794500291911972,0.4582733056400725,0.24032830272095262,0.0,0.007592447102069855,0.007592447102069855,0.0,-0.016186408698558807,-0.016186408698558807,0.0,0.01787862073971337,0.01787862073971337,1.7249841736838296,1.7249945732545144,125.16623622731738,124.39805373073837,1362.0740826064282,1363.6185780099206,0.322381990619265,0.3283718401866783,1.5081771740047953,1.7485054767257484,0.0,0.017655841865903858,0.0,0.0028135969079997377
scen08,0,live_000190,190,190,1784644559.199,1,pedestrian,scen08#seg0:1:7,7,True,0.17174496618468993,True,41.56039810180664,41.52173614501953,-0.038661956787109375,27.459199905395508,27.470111846923828,0.010911941528320312,0.6207000017166138,0.49767401814460754,-0.12302598357200623,-1.5109169973760637,-3.029015829577492,-1.5180988322014282,0.0,-0.003037805203348398,-0.003037805203348398,0.0,0.00010836709407158196,0.00010836709407158196,0.0,0.003039737469020659,0.003039737469020659,0.040172345842952636,0.12941873900013606,117.93493895184614,117.91374826365046,1373.5019482239502,1373.4678194662183,0.3784820014911522,0.25545601791914596,-0.22068482629038844,-1.7387836584918164,0.0,-0.000945291418910083,0.0,-0.002889018520865362
scen08,0,live_000191,191,191,1784644559.293,0,vehicle,scen08#seg0:0:6,6,True,0.8936639931585404,True,16.422199249267578,16.29363250732422,-0.12856674194335938,-2.026599884033203,-2.039170980453491,-0.012571096420288086,0.8395000100135803,0.7555233836174011,-0.0839766263961792,0.1506740105406728,0.12356628953078683,-0.02710772100988601,4.002799987792969,3.052427053451538,-0.9503729343414307,0.6704000234603882,0.512361466884613,-0.15803855657577515,4.058551950355087,3.0951292686075313,0.9634235307969677,0.12917987304196635,0.1540763232298266,139.35738165373846,139.33419360547782,1341.5157083349886,1341.3886266525283,0.5982613080667111,0.5142846816705319,1.4435211872657998,1.4164134662559142,0.45363443351390176,0.34484028773112707,4.03312034713342,3.075859288938378
scen08,0,live_000191,191,191,1784644559.293,0,vehicle,scen08#seg0:0:1,1,True,0.8024270782297407,True,29.3257999420166,29.391054153442383,0.06525421142578125,0.7376000285148621,0.7268311381340027,-0.010768890380859375,0.8355000019073486,0.8161002993583679,-0.019399702548980713,0.24356800733751147,0.23754884847024382,-0.00601915886726756,3.936800003051758,3.3545126914978027,-0.5822873115539551,1.0113999843597412,0.8514990210533142,-0.159900963306427,4.064643181435636,3.4608967017630827,0.6038433830581039,0.06613683624755214,0.06892336010254038,140.23981394589305,140.26807424551728,1354.6825236387822,1354.7423185932014,0.5942612999604794,0.5748615974114987,1.5364151840626388,1.5303960251953708,0.10761264382587343,0.10160626396258854,4.063218393254294,3.4594048834153757
scen08,0,live_000191,191,191,1784644559.293,1,pedestrian,scen08#seg0:1:4,4,True,0.7837953958618442,True,20.726699829101562,20.62409210205078,-0.10260772705078125,12.314900398254395,12.305171966552734,-0.009728431701660156,0.5055000185966492,0.5502280592918396,0.04472804069519043,2.4316919811718005,1.9501278529322508,-0.48156412823954975,0.0,-0.025338204577565193,-0.025338204577565193,0.0,0.004466718062758446,0.004466718062758446,0.0,0.025728897789581238,0.025728897789581238,0.10306788070927574,0.11235473135712667,126.74739202672525,126.72859315533825,1349.59008244047,1349.4887434525706,0.2642613166497799,0.30898935734497035,-2.5586461492826587,-3.040210277522208,0.0,-0.011247686393029725,0.0,-0.023140132503310613
scen08,0,live_000191,191,191,1784644559.293,1,pedestrian,scen08#seg0:1:5,5,True,0.21589228108945946,True,32.297698974609375,33.58493423461914,1.2872352600097656,17.260700225830078,18.423555374145508,1.1628551483154297,0.5636000037193298,0.577443540096283,0.013843536376953125,0.2153550066629393,0.4466558255084506,0.23130081884551146,0.0,0.010380254127085209,0.010380254127085209,0.0,-0.016870340332388878,-0.016870340332388878,0.0,0.019808030156315302,0.019808030156315302,1.734706520013143,1.7347617571515488,125.16630915359401,124.40128104888208,1362.074037507198,1363.630937860328,0.3223613017724606,0.3362048381494137,1.5082021833880663,1.7395030022335778,0.0,0.019071036285236775,0.0,0.005352908898970605
scen08,0,live_000191,191,191,1784644559.293,1,pedestrian,scen08#seg0:1:7,7,True,0.16867194032835187,True,41.302799224853516,41.48767852783203,0.18487930297851562,27.350200653076172,27.48944091796875,0.13924026489257812,0.619700014591217,0.4963715076446533,-0.12332850694656372,-1.5134540029949624,-2.5570315374436823,-1.04357753444872,0.0,-0.00011116082896478474,-0.00011116082896478474,0.0,0.002788846381008625,0.002788846381008625,0.0,0.002791060885534574,0.002791060885534574,0.23144806768944323,0.2622558458125304,117.93489815087801,117.85172984117166,1373.5019220138834,1373.7179109957733,0.3784613126443478,0.25513280569778407,-0.2206068262698353,-1.2641843607185552,0.0,-0.0027123117237942305,0.0,0.0006583205751982935
scen08,0,live_000192,192,192,1784644559.385,0,vehicle,scen08#seg0:0:6,6,True,0.8930145986187341,True,16.44729995727539,16.361865997314453,-0.0854339599609375,-2.0137999057769775,-2.0233190059661865,-0.009519100189208984,0.8392000198364258,0.7483730912208557,-0.09082692861557007,0.15100699844855323,0.1254964293328142,-0.025510569115739123,4.003600120544434,2.928795099258423,-1.0748050212860107,0.6722999811172485,0.5027621388435364,-0.16953784227371216,4.059655304312628,2.9716343149342386,1.0880941658443206,0.08596263597063128,0.12505641025056305,139.39561851958263,139.3815350537445,1341.8440318102832,1341.7592306854497,0.599011752723299,0.5081848241077289,1.446266120699602,1.4207555515838628,0.4422948544141977,0.3130219266470647,4.035489617331753,2.9551019906481812
scen08,0,live_000192,192,192,1784644559.385,0,vehicle,scen08#seg0:0:1,1,True,0.8046829190461935,True,29.35219955444336,29.492570877075195,0.14037132263183594,0.7480000257492065,0.7141203880310059,-0.033879637718200684,0.8335000276565552,0.832388162612915,-0.0011118650436401367,0.24238799903651018,0.22978551383290854,-0.012602485203601521,3.936500072479248,3.454578399658203,-0.4819216728210449,1.0037000179290771,0.8588783740997314,-0.1448216438293457,4.06244342072846,3.559744931997408,0.5032114935651492,0.1444020016112225,0.14440628211128065,140.24895347130047,140.3197451132488,1355.013534152245,1355.1393931268935,0.5933117605434284,0.5921998954997882,1.5376471212875593,1.5250446360839574,0.10513999600236179,0.11338535107191905,4.061082630021283,3.557938692985523
scen08,0,live_000192,192,192,1784644559.385,1,pedestrian,scen08#seg0:1:4,4,True,0.5127407689742292,True,20.460100173950195,20.492767333984375,0.03266716003417969,12.264699935913086,12.335573196411133,0.07087326049804688,0.5044000148773193,0.5153751373291016,0.010975122451782227,2.429328985114966,1.9323790844727782,-0.4969499006421878,0.0,-0.030770285055041313,-0.030770285055041313,0.0,-0.020596647635102272,-0.020596647635102272,0.0,0.037027453817040444,0.037027453817040444,0.0780394925555178,0.07880745974306197,126.7474535092277,126.68814120156765,1349.5901305173047,1349.6408475022147,0.26421174776419254,0.27518687021597477,-2.558597199813571,-3.055547100455759,0.0,0.011448240971473659,0.0,-0.035213209379892293
scen08,0,live_000192,192,192,1784644559.385,1,pedestrian,scen08#seg0:1:5,5,True,0.21597726900566272,True,32.04290008544922,33.34871292114258,1.3058128356933594,17.182600021362305,18.34052848815918,1.157928466796875,0.5625,0.5902318358421326,0.02773183584213257,0.21293800199704646,0.4385495962552915,0.22561159425824506,0.0,0.012638332322239876,0.012638332322239876,0.0,-0.017602888867259026,-0.017602888867259026,0.0,0.021670005545925568,0.021670005545925568,1.7452637325287241,1.7454840448423667,125.1663225483441,124.40733664477116,1362.0740009077253,1363.6455879699836,0.3223117328868732,0.35004356872900577,1.5081971242480954,1.7338087185063404,0.0,0.02037732770422719,0.0,0.00737249320074152
scen08,0,live_000192,192,192,1784644559.385,1,pedestrian,scen08#seg0:1:7,7,True,0.1630653228361041,True,41.0723991394043,40.04055404663086,-1.0318450927734375,27.25029945373535,26.880483627319336,-0.3698158264160156,0.6186000108718872,0.5617124438285828,-0.05688756704330444,-1.5159169984973133,-2.464852400639906,-0.9489354021425926,0.0,0.0011743284994736314,0.0011743284994736314,0.0,0.0033721420913934708,0.0033721420913934708,0.0,0.003570768784060867,0.003570768784060867,1.0961149761536808,1.0975901950329598,117.93498584936569,118.01012410287711,1373.5019576180032,1372.4084210233677,0.3784117437587604,0.32152417671545597,-0.2206578762462641,-1.1695932783888572,0.0,-0.0029254497236897406,0.0,0.0020474700543322098
scen08,0,live_000193,193,193,1784644559.494,0,vehicle,scen08#seg0:0:6,6,True,0.8844199314715304,True,16.53260040283203,16.471391677856445,-0.06120872497558594,-1.9905999898910522,-2.0112385749816895,-0.020638585090637207,0.838699996471405,0.7528573870658875,-0.08584260940551758,0.15156499891013492,0.11718963773141203,-0.03437536117872275,4.005199909210205,3.1330337524414062,-0.8721661567687988,0.6733999848365784,0.49988242983818054,-0.17351755499839783,4.06141525238621,3.17266180636985,0.8892593248909336,0.06459457568310507,0.10743096758955792,139.44595305511243,139.4493507130241,1342.291632697484,1342.227127541656,0.5997607683436212,0.5139181589381037,1.4497734681690968,1.4153981069903736,0.42976220256095,0.3620644177118552,4.038613413235451,3.1519346907930967
scen08,0,live_000193,193,193,1784644559.494,0,vehicle,scen08#seg0:0:1,1,True,0.7995976731933752,True,29.438100814819336,29.663619995117188,0.22551918029785156,0.7709000110626221,0.7733191847801208,0.0024191737174987793,0.8313999772071838,0.8338225483894348,0.0024225711822509766,0.24098400038526413,0.21193828489950986,-0.029045715485754187,3.936800003051758,3.5404551029205322,-0.3963449001312256,0.9927999973297119,0.7412095069885254,-0.2515904903411865,4.060054937895077,3.6172107858191245,0.4694539963512398,0.22553215532089946,0.22554516606396907,140.26089352989922,140.319278999048,1355.4640924207713,1355.6819361493383,0.5924607490794,0.594883320261651,1.5391924696442256,1.5101467541584714,0.10374032645192444,0.23933562945595477,4.058729363162053,3.6092841846436987
scen08,0,live_000193,193,193,1784644559.494,1,pedestrian,scen08#seg0:1:4,4,True,0.7161729552514728,True,20.142799377441406,20.08595848083496,-0.05684089660644531,12.203900337219238,12.275057792663574,0.07115745544433594,0.5031999945640564,0.5054336190223694,0.0022336244583129883,2.4263630020612013,1.7061639517787703,-0.7201990502824307,0.0,0.28489693999290466,0.28489693999290466,0.0,0.05118947476148605,0.05118947476148605,0.0,0.289459200481998,0.289459200481998,0.09107288834959205,0.09110027481055166,126.74750501497279,126.66367190722544,1349.5900430411464,1349.5544581983372,0.2642607664362726,0.2664943908945856,-2.5586138358594237,3.004372421037732,0.0,0.02740185020944818,0.0,0.28815927427167165
scen08,0,live_000193,193,193,1784644559.494,1,pedestrian,scen08#seg0:1:5,5,True,0.21751654945967935,True,31.74020004272461,33.0590705871582,1.3188705444335938,17.087799072265625,18.240013122558594,1.1522140502929688,0.5612999796867371,0.6021035313606262,0.04080355167388916,0.20990800041248805,0.42051035611617704,0.2106023557036889,0.0,0.014117526821792126,0.014117526821792126,0.0,-0.019615361467003822,-0.019615361467003822,0.0,0.02416747750687354,0.02416747750687354,1.7512900190051595,1.751765298348011,125.16623853362965,124.41163966464696,1362.0741034927896,1363.6544823326874,0.3223607515589533,0.36316430323284243,1.5081164696714495,1.7187188253751389,0.0,0.022691897570831086,0.0,0.00831533244555794
scen08,0,live_000193,193,193,1784644559.494,1,pedestrian,scen08#seg0:1:7,7,True,0.14031360545232463,True,40.799198150634766,39.98690414428711,-0.8122940063476562,27.128700256347656,27.106531143188477,-0.022169113159179688,0.6173999905586243,0.5269362926483154,-0.09046369791030884,-1.5188759993900798,-3.0890364198753,-1.5701604204852202,0.0,-0.006563276518136263,-0.006563276518136263,0.0,9.283947292715311e-06,9.283947292715311e-06,0.0,0.006563283084340961,0.006563283084340961,0.8125964695509025,0.8176164766968669,117.93497898472056,117.73763999324775,1373.5018779324575,1372.7136074555453,0.3784607624308405,0.28799706452053164,-0.22066753013111828,-1.7908279506163383,0.0,-0.0017759369343157243,0.0,-0.006318443863051207
scen08,0,live_000194,194,194,1784644559.625,0,vehicle,scen08#seg0:0:6,6,True,0.8911516900789884,True,16.631500244140625,16.533071517944336,-0.09842872619628906,-1.9637999534606934,-1.9980450868606567,-0.03424513339996338,0.8389999866485596,0.750112771987915,-0.08888721466064453,0.15143299956207978,0.13168031215278178,-0.01975268740929792,4.011099815368652,2.9718148708343506,-1.0392849445343018,0.6730999946594238,0.5011376738548279,-0.17196232080459595,4.067183955965227,3.0137721537416886,1.0534155095270668,0.10421584957291923,0.13697401298177997,139.50724550438468,139.51413222606413,1342.8584322029226,1342.7544441441528,0.601345527911642,0.5124583132509974,1.4535399426153965,1.4337872552060986,0.41587001125543643,0.3057652912597267,4.045866713746185,2.998221169515296
scen08,0,live_000194,194,194,1784644559.625,0,vehicle,scen08#seg0:0:1,1,True,0.7960589528879467,True,29.537799835205078,29.66841697692871,0.1306171417236328,0.792900025844574,0.8116986155509949,0.0187985897064209,0.8300999999046326,0.8405469655990601,0.01044696569442749,0.23840099313620203,0.22076310667227317,-0.017637886463929053,3.9398000240325928,3.429173231124878,-0.5106267929077148,0.9799000024795532,0.7858383059501648,-0.19406169652938843,4.059831061045108,3.5180635145150605,0.5462597035248735,0.13196296710441885,0.13237584288389811,140.2756673791723,140.29221797048936,1356.0334650959578,1356.1643860744682,0.592445541167715,0.6028925068621425,1.5405079361895186,1.52287004972559,0.10115027647005603,0.15269386028856102,4.058570791029359,3.514748280772357
scen08,0,live_000194,194,194,1784644559.625,1,pedestrian,scen08#seg0:1:4,4,True,0.7420132633585155,True,19.73430061340332,19.866619110107422,0.13231849670410156,12.125300407409668,12.245360374450684,0.12005996704101562,0.501800000667572,0.5237577557563782,0.021957755088806152,2.422456975481524,1.6400702410138988,-0.7823867344676252,0.0,-0.009169921278953552,-0.009169921278953552,0.0,-0.011921608820557594,-0.011921608820557594,0.0,0.01504035282606767,0.01504035282606767,0.1786689123936313,0.1800131197009348,126.7473614189394,126.66673558190274,1349.5901093517598,1349.7495523028676,0.26414554193065437,0.2861032970194605,-2.5586213886447453,2.9421771840672157,0.0,0.009059535994284917,0.0,-0.012005707838393278
scen08,0,live_000194,194,194,1784644559.625,1,pedestrian,scen08#seg0:1:5,5,True,0.2146543479648102,True,31.35070037841797,32.68107604980469,1.3303756713867188,16.96380043029785,18.10869026184082,1.1448898315429688,0.5600000023841858,0.605516254901886,0.045516252517700195,0.206109002343608,0.4016403935004764,0.19553139115686857,0.0,0.014877128414809704,0.014877128414809704,0.0,-0.021718449890613556,-0.021718449890613556,0.0,0.026325273322832382,0.026325273322832382,1.7551843645008207,1.75577443956546,125.16625173940534,124.4156132218836,1362.0741759229297,1363.6607489497396,0.32234554364726814,0.36786179616496834,1.508215945396925,1.7037473365537927,0.0,0.02488858695988312,0.0,0.008577776790180895
scen08,0,live_000194,194,194,1784644559.625,1,pedestrian,scen08#seg0:1:7,7,True,0.1082936030832169,True,40.44879913330078,40.11220932006836,-0.3365898132324219,26.96940040588379,27.347070693969727,0.3776702880859375,0.616100013256073,0.5260883569717407,-0.09001165628433228,-1.5227230009016473,-3.056756947572065,-1.5340339466704176,0.0,-0.007779358886182308,-0.007779358886182308,0.0,0.00536179868504405,0.00536179868504405,0.0,0.009448137902198705,0.009448137902198705,0.5058928235058802,0.5138381526724154,117.93491093705744,117.48143774118344,1373.501999076328,1373.2777456270821,0.37844555451915535,0.28843389823482307,-0.22061605784833072,-1.7546500045187483,0.0,-0.007234586899109087,0.0,-0.006076846404032515
scen08,0,live_000195,195,195,1784644559.695,0,vehicle,scen08#seg0:0:6,6,True,0.8894133070103472,True,16.659799575805664,16.56232452392578,-0.09747505187988281,-1.955199956893921,-1.9704315662384033,-0.015231609344482422,0.8392000198364258,0.7524992823600769,-0.08670073747634888,0.15194199329784208,0.1471731648709456,-0.004768828426896299,4.017000198364258,3.0859038829803467,-0.9310963153839111,0.6786999702453613,0.6529372930526733,-0.02576267719268799,4.073932282607252,3.1542241333887695,0.9314526633477572,0.09865793258632967,0.13134079922534178,139.53254177719435,139.521523166397,1343.095790449944,1342.9977497549328,0.6019588923941442,0.5152581549177954,1.4558117433853388,1.4510429149584425,0.40489196060406996,0.1841487701820096,4.05376204821,3.148844091741061
scen08,0,live_000195,195,195,1784644559.695,0,vehicle,scen08#seg0:0:1,1,True,0.7845757056804601,True,29.566699981689453,29.989065170288086,0.4223651885986328,0.7973999977111816,0.7917361259460449,-0.005663871765136719,0.8285999894142151,0.8281926512718201,-0.00040733814239501953,0.23737500711358697,0.22286495746367135,-0.014510049649915757,3.940999984741211,3.702481269836426,-0.23851871490478516,0.9747999906539917,0.9592177867889404,-0.01558220386505127,4.059767961535393,3.824717808673187,0.23902715836724955,0.4224031628472147,0.4224033592523772,140.28185073213206,140.39872048992936,1356.2716555330246,1356.677569183566,0.5913588619719335,0.5909515238295385,1.541244757201083,1.5267347075511681,0.09923155786580173,0.05134830586476791,4.058555038364365,3.82437310777422
scen08,0,live_000195,195,195,1784644559.695,1,pedestrian,scen08#seg0:1:4,4,True,0.779580365236825,True,19.551799774169922,19.718647003173828,0.16684722900390625,12.090100288391113,12.276074409484863,0.18597412109375,0.5013999938964844,0.53755784034729,0.036157846450805664,2.420726982846188,1.7706095441948024,-0.6501174386513857,0.0,-0.015261011198163033,-0.015261011198163033,0.0,-0.004475651308894157,-0.004475651308894157,0.0,0.01590377054126673,0.01590377054126673,0.24984869730073583,0.25245150307105474,126.74745749753338,126.61207841883665,1349.5900759448625,1349.8000685080501,0.26415886645420283,0.3003167129050085,-2.558588574245902,3.074479294282299,0.0,0.0002917831244021998,0.0,-0.015901093674259566
scen08,0,live_000195,195,195,1784644559.695,1,pedestrian,scen08#seg0:1:5,5,True,0.21730957461341482,True,31.176700592041016,32.52809143066406,1.3513908386230469,16.908199310302734,18.049121856689453,1.1409225463867188,0.5595999956130981,0.5741863250732422,0.014586329460144043,0.20428099395675112,0.38587047402837255,0.18158948007162135,0.0,0.015562936663627625,0.015562936663627625,0.0,-0.02191135287284851,-0.02191135287284851,0.0,0.026875869889448633,0.026875869889448633,1.7686043807386254,1.768664529122178,125.16626411469137,124.42219986188158,1362.0741547933935,1363.6786266202757,0.3223588681708166,0.33694519763096065,1.5081507440442472,1.6897402241158694,0.0,0.025240393214126786,0.0,0.0092322766807995
scen08,0,live_000195,195,195,1784644559.695,1,pedestrian,scen08#seg0:1:7,7,True,0.11500930091233386,True,40.29240036010742,39.933109283447266,-0.35929107666015625,26.89780044555664,27.256853103637695,0.3590526580810547,0.6157000064849854,0.5269234776496887,-0.08877652883529663,-1.5245119999960848,2.692096258014017,-2.066577049169484,0.0,-0.009947767481207848,-0.009947767481207848,0.0,0.003935357090085745,0.003935357090085745,0.0,0.01069790228440438,0.01069790228440438,0.5079457540354925,0.5156453831023112,117.93486435664347,117.49375761897724,1373.50197044829,1373.2501099015026,0.3784588790427038,0.2896823502074072,-0.22064224990858827,-2.287219299078073,0.0,-0.0064198946176977755,0.0,-0.008557456770812202
scen08,0,live_000196,196,196,1784644559.785,0,vehicle,scen08#seg0:0:6,6,True,0.8830241675850488,True,16.74690055847168,16.520408630371094,-0.22649192810058594,-1.9357000589370728,-1.9560966491699219,-0.02039659023284912,0.8403000235557556,0.7480235695838928,-0.09227645397186279,0.15279700150584008,0.14468761384211823,-0.008109387663721712,4.025899887084961,2.9178130626678467,-1.1080868244171143,0.6851000189781189,0.6254876255989075,-0.059612393379211426,4.0837766756808,2.984102518086883,1.1096891672406297,0.22740847474939835,0.24541711094679006,139.57157317106365,139.53205641345116,1343.4727732235756,1343.2488244788692,0.6031796766146962,0.5109032226428334,1.459124641053938,1.4510152533902172,0.3910758670064731,0.1589656490066672,4.065008192252465,2.979865393082105
scen08,0,live_000196,196,196,1784644559.785,0,vehicle,scen08#seg0:0:1,1,True,0.8127122186538891,True,29.653200149536133,29.688743591308594,0.03554344177246094,0.8138999938964844,0.7781714797019958,-0.035728514194488525,0.8270999789237976,0.8414425253868103,0.014342546463012695,0.23578000713543287,0.2205761863742721,-0.015203820761160891,3.94320011138916,3.49770450592041,-0.44549560546875,0.9656999707221985,0.8181031346321106,-0.1475968360900879,4.0597294924554195,3.592106561563956,0.4693092376203269,0.05039705328268796,0.05239820243693258,140.2912336241953,140.33501084231474,1356.6490761351304,1356.6740444781533,0.5899796319827382,0.6043221784457509,1.5421076466835313,1.5269038259223704,0.09861451991924863,0.12462866186821098,4.058531597557599,3.589943905727744
scen08,0,live_000196,196,196,1784644559.785,1,pedestrian,scen08#seg0:1:4,4,True,0.7870437775497798,True,19.299400329589844,19.454160690307617,0.15476036071777344,12.041600227355957,12.232376098632812,0.19077587127685547,0.5012999773025513,0.5397986769676208,0.03849869966506958,2.418240990148558,1.767025514777012,-0.6512154753715462,0.0,-0.01674809120595455,-0.01674809120595455,0.0,-0.002913010073825717,-0.002913010073825717,0.0,0.016999534897554767,0.016999534897554767,0.24565464032038695,0.24865307596496752,126.74745678251074,126.60376770947734,1349.590143347053,1349.789391063732,0.26417963036149184,0.3026783300265614,-2.558616677482929,3.07335315432511,0.0,-0.001566162698490733,0.0,-0.016927236074889444
scen08,0,live_000196,196,196,1784644559.785,1,pedestrian,scen08#seg0:1:5,5,True,0.2200854309066802,True,30.93600082397461,32.30309295654297,1.3670921325683594,16.83099937438965,17.966800689697266,1.1358013153076172,0.559499979019165,0.5706191658973694,0.011119186878204346,0.20186100229433573,0.3695214394657029,0.16766043717136725,0.0,0.016108963638544083,0.016108963638544083,0.0,-0.023008665069937706,-0.023008665069937706,0.0,0.028087317027592845,0.028087317027592845,1.7773535176730648,1.7773882983472267,125.1663439988522,124.42738581954494,1362.0740889421313,1363.6905438088133,0.3223796320781056,0.33349881895630995,1.508188641842434,1.6758490790138012,0.0,0.02641951492158416,0.0,0.009534495745276657
scen08,0,live_000196,196,196,1784644559.785,1,pedestrian,scen08#seg0:1:7,7,True,0.13436387863233534,True,40.07630157470703,39.87009048461914,-0.20621109008789062,26.798200607299805,27.494430541992188,0.6962299346923828,0.6155999898910522,0.5670904517173767,-0.04850953817367554,-1.5269690004604322,2.1974071806463993,-2.558809126072755,0.0,-0.013695532456040382,-0.013695532456040382,0.0,0.0007440765621140599,0.0007440765621140599,0.0,0.0137157303554985,0.0137157303554985,0.7261261155178181,0.7277446742716975,117.93492950636576,117.2090035779171,1373.50198650332,1373.4849371032449,0.3784796429499928,0.3299701047763173,-0.22064136091233344,-2.7794504869850885,0.0,-0.004298169925092781,0.0,-0.013024860631875142
scen08,0,live_000197,197,197,1784644559.899,0,vehicle,scen08#seg0:0:6,6,True,0.8812577222010987,True,16.841899871826172,16.713092803955078,-0.12880706787109375,-1.9134000539779663,-1.9399127960205078,-0.026512742042541504,0.8428000211715698,0.7682760953903198,-0.07452392578125,0.15254299306056823,0.11815646209834729,-0.034386530962220885,4.033899784088135,3.4697275161743164,-0.5641722679138184,0.6880000233650208,0.46471163630485535,-0.2232883870601654,4.0921499850587795,3.5007093483198983,0.6067520512358829,0.13150736186298811,0.15115555477061424,139.62011884800975,139.61249818408353,1343.9680066421895,1343.8367202693037,0.6053264216955601,0.5308024959143101,1.4623604185458552,1.4279738875836339,0.3761498868273456,0.4463058953455305,4.074825488638298,3.4721429966512254
scen08,0,live_000197,197,197,1784644559.899,0,vehicle,scen08#seg0:0:1,1,True,0.814358497848616,True,29.747400283813477,29.617095947265625,-0.13030433654785156,0.8260999917984009,0.8140904307365417,-0.01200956106185913,0.8277000188827515,0.8234755992889404,-0.004224419593811035,0.23305399815254685,0.22754776479404037,-0.005506233358506307,3.947000026702881,3.491137981414795,-0.45586204528808594,0.953499972820282,0.9180672764778137,-0.03543269634246826,4.060538315169655,3.6098326733266126,0.45723700670914036,0.13085659968100305,0.13092477000544572,140.3033443255115,140.2813252544789,1357.1433625892412,1357.0143718523993,0.5902264194067417,0.5860019998129307,1.542871423637834,1.5373651902793277,0.09721790010730302,0.013826313823855685,4.05937434697264,3.609806194584746
scen08,0,live_000197,197,197,1784644559.899,1,pedestrian,scen08#seg0:1:4,4,True,0.7442448071081103,True,18.95210075378418,18.872453689575195,-0.07964706420898438,11.974100112915039,11.953102111816406,-0.020998001098632812,0.5016999840736389,0.5178595781326294,0.01615959405899048,2.414745001108837,2.1859066805683467,-0.22883832054049025,0.0,-0.017187420278787613,-0.017187420278787613,0.0,-0.0038930168375372887,-0.0038930168375372887,0.0,0.017622797619476552,0.017622797619476552,0.08236850664694768,0.08393868814438087,126.74736677256183,126.74710268882271,1349.5900936792,1349.507725595897,0.2642263845976291,0.28038597865661957,-2.558622880585462,-2.7874612011259527,0.0,-0.0006736177267965535,0.0,-0.017609918656688168
scen08,0,live_000197,197,197,1784644559.899,1,pedestrian,scen08#seg0:1:5,5,True,0.2117340422725995,True,30.60540008544922,31.984682083129883,1.379281997680664,16.72279930114746,17.85158348083496,1.1287841796875,0.5598000288009644,0.5528399348258972,-0.006960093975067139,0.19835300050556826,0.35523680099958616,0.15688380049401784,0.0,0.016210664063692093,0.016210664063692093,0.0,-0.02526368759572506,-0.02526368759572506,0.0,0.030017320671909917,0.030017320671909917,1.7822941826305627,1.782307772621465,125.16632791981495,124.43165799797825,1362.074077235734,1363.6979099424457,0.32232642932495453,0.3153663353498874,1.5081704259908548,1.6650542264848731,0.0,0.02859098479551771,0.0,0.00914303717277501
scen08,0,live_000197,197,197,1784644559.899,1,pedestrian,scen08#seg0:1:7,7,True,0.11468916307845589,True,39.780399322509766,38.29188537597656,-1.4885139465332031,26.658000946044922,26.674951553344727,0.016950607299804688,0.6159999966621399,0.5284205675125122,-0.08757942914962769,-1.5304350004230778,2.828670824780705,-1.924079481975804,0.0,-0.008368070237338543,-0.008368070237338543,0.0,0.005053769797086716,0.005053769797086716,0.0,0.009775744915809589,0.009775744915809589,1.4886104568058374,1.491184511897122,117.93494576626478,117.53449320470996,1373.5019359535406,1372.0681999813144,0.37852639718613007,0.2909469680365024,-0.220617574937791,-2.1446970569135946,0.0,-0.007041821610762741,0.0,-0.006780703286619456
scen08,0,live_000198,198,198,1784644560.021,0,vehicle,scen08#seg0:0:6,6,True,0.8766441841802859,True,16.925600051879883,16.715221405029297,-0.21037864685058594,-1.895400047302246,-1.9301775693893433,-0.03477752208709717,0.8435999751091003,0.769396185874939,-0.07420378923416138,0.1537199949029227,0.15664600244095425,0.0029260075380315165,4.039999961853027,3.411025047302246,-0.6289749145507812,0.6927000284194946,0.7256566882133484,0.03295665979385376,4.0989551133361815,3.487358527950927,0.6298377446286705,0.21323379444450657,0.22577611350607912,139.6663604225105,139.64643668657848,1344.452205977807,1344.2399050219926,0.6067220979274057,0.5325183086932443,1.467116130301017,1.470042137839048,0.35857263267650386,0.1665853089958128,4.083241198881138,3.4833775042763917
scen08,0,live_000198,198,198,1784644560.021,0,vehicle,scen08#seg0:0:1,1,True,0.8114512083071226,True,29.83009910583496,29.847719192504883,0.017620086669921875,0.8307999968528748,0.8001850247383118,-0.03061497211456299,0.826200008392334,0.8395686149597168,0.013368606567382812,0.23034099940386696,0.20953732934376207,-0.020803670060105084,3.950700044631958,3.5451817512512207,-0.4055182933807373,0.9416000247001648,0.807612419128418,-0.13398760557174683,4.061359556745783,3.6360076277333535,0.4270805131509464,0.0353234195942441,0.037768553233933896,140.31503776969234,140.34912963087618,1357.6255685027484,1357.6348145274537,0.5893221312106394,0.6026907377780222,1.5437371348019608,1.5229334647418558,0.09513979395610461,0.1214815078840984,4.060245050335792,3.6339776708418747
scen08,0,live_000198,198,198,1784644560.021,1,pedestrian,scen08#seg0:1:4,4,True,0.7814360241125087,True,18.605499267578125,18.568788528442383,-0.03671073913574219,11.905900001525879,11.9340181350708,0.028118133544921875,0.5011000037193298,0.5444111824035645,0.04331117868423462,2.41117598817445,2.2000676810216744,-0.2111083071527755,0.0,-0.020226595923304558,-0.020226595923304558,0.0,0.0020296936854720116,0.0020296936854720116,0.0,0.020328178450158427,0.020328178450158427,0.046241840382305006,0.06335744629449859,126.7473905495578,126.71085341374454,1349.5901201299143,1349.5617767795743,0.26422212653763516,0.3075333052218698,-2.5586131836070427,-2.769721490759818,0.0,-0.007111854613943029,0.0,-0.019043538616854348
scen08,0,live_000198,198,198,1784644560.021,1,pedestrian,scen08#seg0:1:5,5,True,0.20907101385505555,True,30.275699615478516,31.665016174316406,1.3893165588378906,16.612899780273438,17.73391342163086,1.1210136413574219,0.5591999888420105,0.5657586455345154,0.006558656692504883,0.19474100347896728,0.34045457877176144,0.14571357529279405,0.0,0.01616036705672741,0.01616036705672741,0.0,-0.027948491275310516,-0.027948491275310516,0.0,0.03228429382802524,0.03228429382802524,1.7851812470364414,1.7851932950658858,125.16631343154235,124.43590600963023,1362.0740945861585,1363.7030135782468,0.3223221116603158,0.3288807683528207,1.5081371388770606,1.653850714169855,0.0,0.031141630546825175,0.0,0.008513194163139573
scen08,0,live_000198,198,198,1784644560.021,1,pedestrian,scen08#seg0:1:7,7,True,0.16158587490086518,True,39.48619842529297,38.21122360229492,-1.2749748229980469,26.515199661254883,26.359411239624023,-0.15578842163085938,0.6154000163078308,0.5171232223510742,-0.09827679395675659,-1.5340559992152236,1.2968753054309172,2.830931304646141,0.0,-0.005469381809234619,-0.005469381809234619,0.0,0.0013959589414298534,0.0013959589414298534,0.0,0.00564471777340059,0.00564471777340059,1.2844574074655553,1.288211612982725,117.93493552723501,117.76102466712742,1373.5019554911387,1372.2293259911153,0.37852213912613614,0.28024534516937954,-0.22065986381712976,2.6102714408290115,0.0,-0.002742294698521033,0.0,-0.004933827979146411
scen08,0,live_000199,199,199,1784644560.111,0,vehicle,scen08#seg0:0:6,6,True,0.8826226086262068,True,17.00040054321289,16.76113510131836,-0.23926544189453125,-1.8805999755859375,-1.8943252563476562,-0.01372528076171875,0.8440999984741211,0.7713932991027832,-0.07270669937133789,0.15495000526237296,0.14160386425573748,-0.013346141006635559,4.042300224304199,3.459291458129883,-0.5830087661743164,0.6985999941825867,0.7436303496360779,0.04503035545349121,4.102222940709304,3.53831647668637,0.5847452046390518,0.23965878873300958,0.25044480260218505,139.70112436381206,139.6541214996069,1344.8261980056475,1344.591193610426,0.6082475546788165,0.5355408553074786,1.471041205631301,1.4576950646246658,0.34243669880739624,0.15196420583746273,4.087905351471776,3.5350516784531503
scen08,0,live_000199,199,199,1784644560.111,0,vehicle,scen08#seg0:0:1,1,True,0.8081907187893833,True,29.90329933166504,29.771860122680664,-0.131439208984375,0.8353000283241272,0.8081380128860474,-0.027162015438079834,0.824400007724762,0.8470186591148376,0.022618651390075684,0.22817900197159957,0.19889707979312707,-0.029281922178472364,3.953900098800659,3.6109797954559326,-0.34292030334472656,0.9316999912261963,0.7319787740707397,-0.19972121715545654,4.062190402350283,3.684422343988413,0.39684115087538024,0.13421639520228776,0.13610894214489533,140.3238608638785,140.3170291375416,1357.997117078657,1357.863074666502,0.5885475639294574,0.6111662153195331,1.5442702023405275,1.5149882801620551,0.09458375828693733,0.20145927648237016,4.061089112247486,3.6789104594703406
scen08,0,live_000199,199,199,1784644560.111,1,pedestrian,scen08#seg0:1:4,4,True,0.7230092511687047,True,18.346799850463867,18.467792510986328,0.12099266052246094,11.855500221252441,11.978404998779297,0.12290477752685547,0.5001000165939331,0.5177081227302551,0.01760810613632202,2.408556032884622,2.129046631378306,-0.2795094015063162,0.0,-0.03077978640794754,-0.03077978640794754,0.0,-0.003386143362149596,-0.003386143362149596,0.0,0.030965484304107078,0.030965484304107078,0.17246683228733956,0.17336335726138122,126.7474221065901,126.65896784588845,1349.590107906495,1349.738164152574,0.26424757279862854,0.28185567893495056,-2.5585380739260364,-2.8380474754323526,0.0,-0.004478378443657108,0.0,-0.030639930559700837
scen08,0,live_000199,199,199,1784644560.111,1,pedestrian,scen08#seg0:1:5,5,True,0.2046338417336404,True,30.029600143432617,31.433530807495117,1.4039306640625,16.531099319458008,17.644197463989258,1.11309814453125,0.5582000017166138,0.5522502660751343,-0.005949735641479492,0.192090005457107,0.3248522639360099,0.13276225847890277,0.0,0.016706228256225586,0.016706228256225586,0.0,-0.029948795214295387,-0.029948795214295387,0.0,0.03429327043804531,0.03429327043804531,1.7916497394451527,1.7916596184007965,125.16626795222969,124.44281544071707,1362.0740576481703,1363.7131504620281,0.3223475579213092,0.3163978222798297,1.5081812058260349,1.6409434643049376,0.0,0.033191878488272285,0.0,0.008621345588519248
scen08,0,live_000199,199,199,1784644560.111,1,pedestrian,scen08#seg0:1:7,7,False,nan,True,39.266700744628906,nan,nan,26.40850067138672,nan,nan,0.614300012588501,nan,nan,-1.5367389993305782,nan,nan,0.0,nan,nan,0.0,nan,nan,0.0,nan,nan,nan,nan,117.93491535221291,nan,1373.5018581608647,nan,0.3784475687931964,nan,-0.2206477989616502,nan,0.0,nan,0.0,nan
scen08,0,live_000200,200,200,1784644560.182,0,vehicle,scen08#seg0:0:6,6,True,0.8865433210621632,True,17.023700714111328,16.687511444091797,-0.33618927001953125,-1.8741999864578247,-1.8695491552352905,0.00465083122253418,0.843999981880188,0.781298041343689,-0.06270194053649902,0.1546960030202023,0.13360193479864457,-0.021094068221557905,4.041800022125244,3.399308204650879,-0.6424918174743652,0.6985999941825867,0.701076328754425,0.002476334571838379,4.101730046056607,3.470850657828217,0.6424965896831085,0.3362214382030477,0.34201811188059683,139.72375550187905,139.63523586094877,1345.083760917585,1344.7594013506277,0.6091966484336659,0.5464947078971669,1.4729071079176244,1.4518130396960665,0.3336449622596048,0.1706833683881802,4.0881377679675035,3.4666513347468664
scen08,0,live_000200,200,200,1784644560.182,0,vehicle,scen08#seg0:0:1,1,True,0.8065672307984428,True,29.926599502563477,29.73214340209961,-0.1944561004638672,0.8300999999046326,0.8218129873275757,-0.008287012577056885,0.8235999941825867,0.8463404178619385,0.022740423679351807,0.22629699395913438,0.21594235756465632,-0.010354636394477978,3.95740008354187,3.5542778968811035,-0.4031221866607666,0.9221000075340271,0.8209349513053894,-0.1011650562286377,4.0634079102535905,3.6478521848523884,0.4156222635758356,0.19463260154728937,0.19595656777506165,140.32980147682468,140.28922940718635,1358.2530715995279,1358.0627146801623,0.5887966607360646,0.6115370844154164,1.5445080988565563,1.5341534624620783,0.09614447741277798,0.09335607227616383,4.0622703116083345,3.6466574018272557
scen08,0,live_000200,200,200,1784644560.182,1,pedestrian,scen08#seg0:1:4,4,True,0.7250706574881178,True,18.14419937133789,18.215164184570312,0.07096481323242188,11.81659984588623,11.906349182128906,0.08974933624267578,0.49900001287460327,0.5218418836593628,0.02284187078475952,2.406359993899926,2.1362136424189524,-0.27014635148097366,0.0,-0.034399501979351044,-0.034399501979351044,0.0,-0.006020594388246536,-0.006020594388246536,0.0,0.034922389569088226,0.034922389569088226,0.11441568106301424,0.11667347228081046,126.74739191447411,126.67822503478575,1349.590145869809,1349.6812880160824,0.2641966794280813,0.2870385502128408,-2.558614208382238,-2.8287605598632117,0.0,-0.0027671517043222566,0.0,-0.03481258629663169
scen08,0,live_000200,200,200,1784644560.182,1,pedestrian,scen08#seg0:1:5,5,True,0.20549474585350147,True,29.83690071105957,31.259206771850586,1.4223060607910156,16.46739959716797,17.573081970214844,1.105682373046875,0.557200014591217,0.5530309081077576,-0.004169106483459473,0.18991299081695087,0.3131404061453827,0.12322741532843162,0.0,0.0176968052983284,0.0176968052983284,0.0,-0.03182031214237213,-0.03182031214237213,0.0,0.0364102895155331,0.0364102895155331,1.801523810730634,1.8015286348205224,125.16626335531042,124.45111037607472,1362.0741049944556,1363.7275995535394,0.32239668114469505,0.3182275746612356,1.508124095714373,1.631351511042805,0.0,0.035233213530830976,0.0,0.009183128382844737
scen08,0,live_000200,200,200,1784644560.182,1,pedestrian,scen08#seg0:1:7,7,False,nan,True,39.095001220703125,nan,nan,26.325199127197266,nan,nan,0.6133000254631042,nan,nan,-1.5388910007921535,nan,nan,0.0,nan,nan,0.0,nan,nan,0.0,nan,nan,nan,nan,117.93492906904063,nan,1373.5019849842492,nan,0.37849669201658226,nan,-0.22067989589473136,nan,0.0,nan,0.0,nan
scen08,0,live_000201,201,201,1784644560.305,0,vehicle,scen08#seg0:0:6,6,True,0.8827955219770836,True,17.145000457763672,16.790491104125977,-0.3545093536376953,-1.850000023841858,-1.8674471378326416,-0.01744711399078369,0.8440999984741211,0.7664316892623901,-0.07766830921173096,0.15470599411004413,0.14665272486639944,-0.008053269243644579,4.041100025177002,3.3888397216796875,-0.6522603034973145,0.6952000260353088,0.7453343272209167,0.05013430118560791,4.100462472659037,3.4698354310497086,0.6541841878811945,0.3549384222695874,0.3633368270063371,139.76794652602075,139.6975135180119,1345.608447723969,1345.260567751872,0.6116220459795338,0.5339537367678029,1.476563962839304,1.4685106935956593,0.32185659552447643,0.1125669567687565,4.08781125073094,3.4680090251917943
scen08,0,live_000201,201,201,1784644560.305,0,vehicle,scen08#seg0:0:1,1,True,0.8102435052868877,True,30.047000885009766,29.728235244750977,-0.31876564025878906,0.8374000191688538,0.8264601826667786,-0.010939836502075195,0.8205999732017517,0.8384986519813538,0.01789867877960205,0.22302900279507434,0.22080589257723676,-0.0022231102178373874,3.9625000953674316,3.543095350265503,-0.4194047451019287,0.907800018787384,0.8368484973907471,-0.07095152139663696,4.065157792742771,3.640582380424618,0.4253639131408672,0.3189533091728127,0.31945512381920443,140.34211955527164,140.27418622354864,1358.7748465994516,1358.4632117556466,0.5881220207071645,0.6060206994867665,1.5448869715243339,1.5426638613064965,0.09644502544947198,0.061878512463261925,4.064013562595889,3.6400564718632475
scen08,0,live_000201,201,201,1784644560.305,1,pedestrian,scen08#seg0:1:4,4,True,0.7463590166025043,True,17.79599952697754,17.81612205505371,0.020122528076171875,11.750100135803223,11.774566650390625,0.024466514587402344,0.4966999888420105,0.5249414443969727,0.028241455554962158,2.402732006941117,2.0699394644930282,-0.33279254244808865,0.0,-0.023247679695487022,-0.023247679695487022,0.0,-0.004880890715867281,-0.004880890715867281,0.0,0.023754530208029773,0.023754530208029773,0.03167848595232886,0.04243944255164999,126.74746585921268,126.72871122795172,1349.5901065925527,1349.615636776228,0.26422203634742325,0.2924634919023854,-2.55859533150921,-2.8913878739572985,0.0,-0.0009972163494936948,0.0,-0.023733589382065694
scen08,0,live_000201,201,201,1784644560.305,1,pedestrian,scen08#seg0:1:5,5,True,0.19584383239843461,True,29.505599975585938,30.935222625732422,1.4296226501464844,16.358299255371094,17.45643424987793,1.098134994506836,0.5548999905586243,0.5851254463195801,0.03022545576095581,0.18625400268888762,0.2994621021530208,0.11320809946413313,0.0,0.018586009740829468,0.018586009740829468,0.0,-0.03444339707493782,-0.03444339707493782,0.0,0.039138055140081285,0.039138055140081285,1.8026983630026365,1.80295173705464,125.16627158439303,124.45421065772813,1362.07409900111,1363.7302060703207,0.322422038064037,0.35264749382499283,1.5081119714181472,1.6213200708822804,0.0,0.037960794705604956,0.0,0.009527089034272658
scen08,0,live_000201,201,201,1784644560.305,1,pedestrian,scen08#seg0:1:7,7,False,nan,True,38.79949951171875,nan,nan,26.182300567626953,nan,nan,0.6110000014305115,nan,nan,-1.5424820002544546,nan,nan,0.0,nan,nan,0.0,nan,nan,0.0,nan,nan,nan,nan,117.93488591871626,nan,1373.5018998273922,nan,0.3785220489359242,nan,-0.22062403152519483,nan,0.0,nan,0.0,nan
scen08,0,live_000202,202,202,1784644560.366,0,vehicle,scen08#seg0:0:6,6,True,0.8855138924525505,True,17.155000686645508,16.766860961914062,-0.3881397247314453,-1.847100019454956,-1.8581249713897705,-0.011024951934814453,0.843999981880188,0.7816978096961975,-0.06230217218399048,0.1549030072777117,0.13191079622392898,-0.022992211053782796,4.041500091552734,3.3275318145751953,-0.7139682769775391,0.6945000290870667,0.6542347073554993,-0.04026532173156738,4.100738138484668,3.391237389113099,0.7151027874819273,0.38829627281209783,0.3932627062646682,139.78618191717547,139.7019519672557,1345.8248497573454,1345.445799218477,0.6128793939975661,0.5505772218135756,1.4786422350412263,1.4556500239874435,0.31494237794983615,0.17938309804892227,4.08862624594056,3.386489736209605
scen08,0,live_000202,202,202,1784644560.366,0,vehicle,scen08#seg0:0:1,1,True,0.8106541598233008,True,30.05739974975586,29.7529296875,-0.3044700622558594,0.8282999992370605,0.80780428647995,-0.020495712757110596,0.8180999755859375,0.8603187799453735,0.042218804359436035,0.22138300658863289,0.22694847323914208,0.0055654666505091654,3.9653000831604004,3.5392820835113525,-0.42601799964904785,0.9003999829292297,0.8560802936553955,-0.04431968927383423,4.066242107741599,3.6413446878659497,0.42831713820754985,0.3051591274261821,0.3080657729983148,140.3473176844598,140.29273246780232,1358.9897574096776,1358.6895199250528,0.5869793877033156,0.6291981920627516,1.5451222343521476,1.5506877010026567,0.0966594816840427,0.03545012988744323,4.065093089139707,3.641172122289817
scen08,0,live_000202,202,202,1784644560.366,1,pedestrian,scen08#seg0:1:4,4,True,0.7758655278671469,True,17.617300033569336,17.60280418395996,-0.014495849609375,11.716500282287598,11.72209644317627,0.005596160888671875,0.49540001153945923,0.5223983526229858,0.02699834108352661,2.4008780208930367,2.236509205013873,-0.16436881587916385,0.0,-0.024980800226330757,-0.024980800226330757,0.0,-0.0036602916661649942,-0.0036602916661649942,0.0,0.025247536811127607,0.025247536811127607,0.015538554391883376,0.031150555273573518,126.74747855510613,126.73850733285283,1349.5901105009802,1349.577423348271,0.2642794236568374,0.291277764740364,-2.5585680585230355,-2.7229368744021993,0.0,-0.0025599399292851152,0.0,-0.025117420699341232
scen08,0,live_000202,202,202,1784644560.366,1,pedestrian,scen08#seg0:1:5,5,True,0.20159117338257637,True,29.335500717163086,30.7746639251709,1.4391632080078125,16.302600860595703,17.398122787475586,1.0955219268798828,0.5534999966621399,0.5565626621246338,0.0030626654624938965,0.18443100802960896,0.2907230736256709,0.10629206559606175,0.0,0.019610274583101273,0.019610274583101273,0.0,-0.036634329706430435,-0.036634329706430435,0.0,0.04155282159209022,0.04155282159209022,1.808689866051654,1.808692459064748,125.16633221686025,124.45602386847236,1362.0740410531896,1363.7374174633171,0.32237940877951804,0.32544207424201194,1.5081702357931235,1.6144623013891852,0.0,0.04031769793438319,0.0,0.01005585478892335
scen08,0,live_000202,202,202,1784644560.366,1,pedestrian,scen08#seg0:1:7,7,True,0.03229736619811696,True,38.64799880981445,39.854557037353516,1.2065582275390625,26.109100341796875,26.876562118530273,0.7674617767333984,0.6096000075340271,0.6447408199310303,0.035140812397003174,-1.5443859995760576,-2.623358741619714,-1.0789727420436566,0.0,-0.016357053071260452,-0.016357053071260452,0.0,-0.01183554157614708,-0.01183554157614708,0.0,0.020189928914603368,0.020189928914603368,1.4299581585448538,1.4303898810761038,117.9349794221279,117.48588621535221,1373.5019712926753,1374.8595778729543,0.37847941965140525,0.4136202320484084,-0.2206467718125431,-1.2996195138562,0.0,0.007476029348140052,0.0,-0.018754791781368452
scen08,0,live_000203,203,203,1784644560.508,0,vehicle,scen08#seg0:0:6,6,True,0.8830646009181322,True,17.2947998046875,16.955738067626953,-0.3390617370605469,-1.8238999843597412,-1.8536845445632935,-0.029784560203552246,0.8446000218391418,0.7683608531951904,-0.07623916864395142,0.15561100074603218,0.14353740016337405,-0.012073600582658273,4.042900085449219,3.235790491104126,-0.8071095943450928,0.6992999911308289,0.6437128782272339,-0.05558711290359497,4.102933289552839,3.299197837644095,0.8090215228316594,0.3403674214213729,0.3488013652504177,139.8353068110566,139.78275680471054,1346.4366057144023,1346.100319410194,0.6166223342939514,0.54038316565,1.4837761337658701,1.4717025331832128,0.2925204719600827,0.15256519508298827,4.092492315448513,3.295668404613055
scen08,0,live_000203,203,203,1784644560.508,0,vehicle,scen08#seg0:0:1,1,True,0.8142983489194933,True,30.197399139404297,30.12530517578125,-0.07209396362304688,0.8273000121116638,0.8149331212043762,-0.012366890907287598,0.8129000067710876,0.8526700139045715,0.03977000713348389,0.21726400192938108,0.20945165117980294,-0.007812350749578201,3.970400094985962,3.5111021995544434,-0.45929789543151855,0.8838000297546387,0.7880472540855408,-0.0957527756690979,4.0675766012281604,3.5984520464204897,0.46917283680554095,0.07314697247045812,0.08325943219234273,140.36170993894913,140.35639347220965,1359.598248118011,1359.52529460704,0.5849223192258972,0.6246923263593811,1.5454291349492193,1.537616784199642,0.0960059201280169,0.07860421723550448,4.066443442390317,3.5975934327575994
scen08,0,live_000203,203,203,1784644560.508,1,pedestrian,scen08#seg0:1:4,4,True,0.7952996071144796,True,17.21139907836914,17.348756790161133,0.1373577117919922,11.638199806213379,11.78158950805664,0.14338970184326172,0.49219998717308044,0.516947865486145,0.024747878313064575,2.3964189935851077,2.1676114131324384,-0.22880758045266925,0.0,-0.015268735587596893,-0.015268735587596893,0.0,-0.0031415068078786135,-0.0031415068078786135,0.0,0.015588564766132112,0.015588564766132112,0.1985642152640588,0.200100487416772,126.74748541968918,126.64129695231036,1349.5900193695013,1349.7578042227485,0.26422229962788996,0.28897017794095453,-2.55860118057464,-2.7874087610273097,0.0,-0.0006189399770917211,0.0,-0.015576272492886518
scen08,0,live_000203,203,203,1784644560.508,1,pedestrian,scen08#seg0:1:5,5,True,0.19774259217967938,True,28.949899673461914,30.387174606323242,1.4372749328613281,16.172500610351562,17.261022567749023,1.088521957397461,0.5503000020980835,0.5886995196342468,0.03839951753616333,0.18003999588440595,0.2769694389535525,0.09692944306914653,0.0,0.018542751669883728,0.018542751669883728,0.0,-0.03932514414191246,-0.03932514414191246,0.0,0.043477587344207216,0.043477587344207216,1.802952934595891,1.803361807102209,125.16626177766814,124.45493972605513,1362.074089691208,1363.7307913008096,0.322322314552893,0.36072183208905634,1.508205128904244,1.605134571973391,0.0,0.04262831471604629,0.0,0.008551455182767372
scen08,0,live_000203,203,203,1784644560.508,1,pedestrian,scen08#seg0:1:7,7,True,0.04446734340197489,True,38.30569839477539,40.00606918334961,1.7003707885742188,25.937599182128906,26.165666580200195,0.22806739807128906,0.6064000129699707,0.6451157927513123,0.03871577978134155,-1.5487799991504616,-2.603930602272914,-1.0551506031224522,0.0,-0.04408653452992439,-0.04408653452992439,0.0,-0.01764611154794693,-0.01764611154794693,0.0,0.047486922195703545,0.047486922195703545,1.7155977257794202,1.7160345183892998,117.93499258430911,118.12213243847945,1373.5019882593365,1375.2073486997365,0.3784223254247802,0.41713810520612177,-0.2206148661306231,-1.2757654692530753,0.0,0.006537118265151198,0.0,-0.04703481544992207
scen08,0,live_000204,204,204,1784644560.59,0,vehicle,scen08#seg0:0:6,6,True,0.8825098340431659,True,17.34160041809082,17.027267456054688,-0.3143329620361328,-1.8166999816894531,-1.8337291479110718,-0.017029166221618652,0.8445000052452087,0.7733628153800964,-0.0711371898651123,0.15593499763328952,0.14448494364331244,-0.011450053989976894,4.043499946594238,3.2414917945861816,-0.8020081520080566,0.7026000022888184,0.7131315469741821,0.01053154468536377,4.104088032842845,3.3190097405189,0.802077296350444,0.3147939064286544,0.32273162737252364,139.86115186989684,139.80300689801638,1346.7711530531724,1346.4617756691096,0.618203250232339,0.5470660603672267,1.4868338634124658,1.475383809422488,0.27826863479038266,0.07747912573701421,4.094643470220057,3.3181052790311467
scen08,0,live_000204,204,204,1784644560.59,0,vehicle,scen08#seg0:0:1,1,True,0.8254201763018436,True,30.244699478149414,30.106191635131836,-0.13850784301757812,0.8162999749183655,0.8139879107475281,-0.0023120641708374023,0.809499979019165,0.8500186800956726,0.04051870107650757,0.21472499662522052,0.1935170869204607,-0.021207909704759942,3.974600076675415,3.66402006149292,-0.3105800151824951,0.871399998664856,0.9597899913787842,0.08838999271392822,4.069002792722232,3.787643045295249,0.32291289327421907,0.13852713892271123,0.14433133185500477,140.3693702322449,140.33870620180576,1359.9303463499273,1359.7952556934947,0.5832032240062953,0.6237219250828029,1.5456238624043959,1.5244159526996368,0.0979318571960418,-0.061721604435475697,4.067824120894051,3.7871401191557963
scen08,0,live_000204,204,204,1784644560.59,1,pedestrian,scen08#seg0:1:4,4,True,0.7958904954491999,True,16.964000701904297,17.131324768066406,0.16732406616210938,11.591300010681152,11.738471031188965,0.1471710205078125,0.49059998989105225,0.5123236775398254,0.021723687648773193,2.3937279898317247,2.2737592400718643,-0.1199687497598605,0.0,-0.011588914319872856,-0.011588914319872856,0.0,-0.003643034491688013,-0.003643034491688013,0.0,0.012148030104547103,0.012148030104547103,0.22283772659568424,0.2238941066651697,126.74740674036985,126.64420705729307,1349.5901482675852,1349.7876488443112,0.2643032348781825,0.2860269225269557,-2.558558451568686,-2.6785272013285457,0.0,0.000785145420593325,0.0,-0.012122630988754216
scen08,0,live_000204,204,204,1784644560.59,1,pedestrian,scen08#seg0:1:5,5,True,0.20526925412243813,True,28.714799880981445,30.151206970214844,1.4364070892333984,16.093399047851562,17.186904907226562,1.093505859375,0.5486999750137329,0.5692422389984131,0.020542263984680176,0.17722499723926297,0.26404651300286386,0.08682151576360075,0.0,0.01963736116886139,0.01963736116886139,0.0,-0.04258453845977783,-0.04258453845977783,0.0,0.04689423066336202,0.04689423066336202,1.805275710379836,1.8053925819879282,125.1662627019079,124.44536695745518,1362.07414444738,1363.7292365040694,0.3224032200008632,0.34294548398554336,1.5081238630184384,1.5949453787820396,0.0,0.0460309134965385,0.0,0.008956778002317173
scen08,0,live_000204,204,204,1784644560.59,1,pedestrian,scen08#seg0:1:7,7,False,nan,True,38.097198486328125,nan,nan,25.83289909362793,nan,nan,0.6047999858856201,nan,nan,-1.5515579994827926,nan,nan,0.0,nan,nan,0.0,nan,nan,0.0,nan,nan,nan,nan,117.93496540458383,nan,1373.5019878191188,nan,0.3785032308727504,nan,-0.22065913370361656,nan,0.0,nan,0.0,nan
scen08,0,live_000205,205,205,1784644560.685,0,vehicle,scen08#seg0:0:6,6,True,0.8819337025546758,True,17.412700653076172,17.11686897277832,-0.29583168029785156,-1.805799961090088,-1.8391838073730469,-0.033383846282958984,0.845300018787384,0.7715221643447876,-0.07377785444259644,0.1557829948452744,0.1346674121536478,-0.0211155826916265,4.044300079345703,3.533601999282837,-0.5106980800628662,0.7001000046730042,0.7472760677337646,0.0471760630607605,4.104449189396648,3.6117536752585027,0.512872410942342,0.2977093620639003,0.3067149100820621,139.88936879068496,139.85241030161632,1347.161711123926,1346.8663047354603,0.620781771418963,0.5470039169763665,1.4897433264397444,1.4686277437481179,0.2683496836549969,0.10266639845994407,4.095667417603761,3.610294201498067
scen08,0,live_000205,205,205,1784644560.685,0,vehicle,scen08#seg0:0:1,1,True,0.8281535473415715,True,30.31719970703125,30.18838882446289,-0.12881088256835938,0.8054999709129333,0.840731143951416,0.035231173038482666,0.8065000176429749,0.8469735383987427,0.04047352075576782,0.21171099504557103,0.19734950348463726,-0.014361491560933803,3.9781999588012695,3.75746750831604,-0.2207324504852295,0.8585000038146973,1.027992844581604,0.16949284076690674,4.069778515933792,3.895552767523722,0.27829954683479147,0.13354204963870808,0.1395406209821167,140.37872116465718,140.314250806939,1360.318668120986,1360.2017191919726,0.5819817702745538,0.6224552910303216,1.5456713266400417,1.5313098350791075,0.09886244093696117,-0.11768908243562481,4.0685775630468495,3.8937746011341217
scen08,0,live_000205,205,205,1784644560.685,1,pedestrian,scen08#seg0:1:4,4,True,0.7892010476254612,True,16.689800262451172,16.960657119750977,0.2708568572998047,11.53909969329834,11.768799781799316,0.22970008850097656,0.4887000024318695,0.47411027550697327,-0.01458972692489624,2.390633966484814,2.9571034242679977,0.5664694577831835,0.0,-0.009468401782214642,-0.009468401782214642,0.0,-0.012210519053041935,-0.012210519053041935,0.0,0.015451453260264729,0.015451453260264729,0.3551416165470941,0.3554411736636968,126.74737652741987,126.58763910629133,1349.5900791176084,1349.907269161738,0.26418175506344843,0.24959202813855222,-2.5585910091003017,-1.9921215513171182,0.0,0.009648111557979195,0.0,-0.012069024451832623
scen08,0,live_000205,205,205,1784644560.685,1,pedestrian,scen08#seg0:1:5,5,True,0.21085269707949905,True,28.45439910888672,29.890451431274414,1.4360523223876953,16.00510025024414,17.10198974609375,1.0968894958496094,0.5468000173568726,0.5373313426971436,-0.009468674659729004,0.1742299974712736,0.2522735971513931,0.07804359968011942,0.0,0.020016219466924667,0.020016219466924667,0.0,-0.045815613120794296,-0.045815613120794296,0.0,0.04999719439510974,0.04999719439510974,1.8070453338918488,1.807070141012826,125.16634921937396,124.43701743217342,1362.0741209167777,1363.7274472556835,0.3222817699884515,0.3128130953287225,1.5081903290657435,1.5862339287458633,0.0,0.04923304763798564,0.0,0.008707839436865464
scen08,0,live_000205,205,205,1784644560.685,1,pedestrian,scen08#seg0:1:8,8,True,0.21041839885914015,True,28.840499877929688,28.432159423828125,-0.4083404541015625,30.0580997467041,29.925004959106445,-0.13309478759765625,0.5116999745368958,0.46707844734191895,-0.04462152719497681,-2.5583099675125025,0.14586195170431776,2.7041719192168205,0.0,0.0019372139358893037,0.0019372139358893037,0.0,-0.0018509749788790941,-0.0018509749788790941,0.0,0.0026793480934436628,0.0026793480934436628,0.42948358401868575,0.4317953561940512,111.5962264380856,111.62979775723079,1365.746672666191,1365.3185031723308,0.2871817271684747,0.2425601999734979,-1.2243496359180324,1.4798222832987875,0.0,0.0022538302607161744,0.0,0.0014488462174158615
scen08,0,live_000205,205,205,1784644560.685,1,pedestrian,scen08#seg0:1:7,7,False,nan,True,37.86650085449219,nan,nan,25.715900421142578,nan,nan,0.6029000282287598,nan,nan,-1.554609998961938,nan,nan,0.0,nan,nan,0.0,nan,nan,0.0,nan,nan,nan,nan,117.9349678285695,nan,1373.501912584877,nan,0.3783817808603387,nan,-0.22064966736746783,nan,0.0,nan,0.0,nan
scen08,0,live_000206,206,206,1784644560.781,0,vehicle,scen08#seg0:0:6,6,True,0.8790668198744633,True,17.48710060119629,17.199039459228516,-0.28806114196777344,-1.7944999933242798,-1.8191007375717163,-0.024600744247436523,0.8457000255584717,0.7820689082145691,-0.06363111734390259,0.15486500475290807,0.13387126026497745,-0.020993744487930677,4.044000148773193,3.5994722843170166,-0.44452786445617676,0.6995000243186951,0.7571784853935242,0.0576784610748291,4.104051350470589,3.678249581568547,0.44825419925521015,0.2891096991270018,0.29602928440230203,139.91656963445408,139.87378569444945,1347.5592041948105,1347.2732777136882,0.6233128311196615,0.5596817137757589,1.49193625572296,1.4709425112350294,0.25612131690062967,0.09705716063307412,4.096051679157449,3.676968845649775
scen08,0,live_000206,206,206,1784644560.781,0,vehicle,scen08#seg0:0:1,1,True,0.8234749361610767,True,30.393299102783203,30.11325454711914,-0.2800445556640625,0.7932000160217285,0.858568012714386,0.06536799669265747,0.804099977016449,0.8239498138427734,0.019849836826324463,0.20863499564457358,0.22113439125886064,0.012499395614287145,3.980600118637085,3.7395291328430176,-0.24107098579406738,0.8468999862670898,1.2350307703018188,0.388130784034729,4.069694938350143,3.9381949087080437,0.45690340960331743,0.28757247460195745,0.2882567330882753,140.38834132148367,140.25989151864835,1360.713807289395,1360.4565164494875,0.5817127825776388,0.6015626194039633,1.5457062466146256,1.5582056422289128,0.09804546801136127,-0.3353649413006855,4.068513730766458,3.923889587529234
scen08,0,live_000206,206,206,1784644560.781,1,pedestrian,scen08#seg0:1:4,4,True,0.7709473593531655,True,16.412799835205078,16.470117568969727,0.05731773376464844,11.486900329589844,11.57595157623291,0.0890512466430664,0.48660001158714294,0.5189785361289978,0.03237852454185486,2.387522983652743,2.1444588613050497,-0.24306412234769326,0.0,-0.006308118812739849,-0.006308118812739849,0.0,-0.002680750098079443,-0.002680750098079443,0.0,0.006854107093122732,0.006854107093122732,0.10590300813763208,0.11074211477169317,126.74747397863935,126.67411895325367,1349.590124252645,1349.666508068884,0.2642128171483328,0.29659134169018764,-2.5585910725567915,-2.801655194904485,0.0,0.0011468828942515913,0.0,-0.00675747317204208
scen08,0,live_000206,206,206,1784644560.781,1,pedestrian,scen08#seg0:1:5,5,True,0.20967106274667913,True,28.191099166870117,29.62773323059082,1.4366340637207031,15.916399955749512,17.015092849731445,1.0986928939819336,0.544700026512146,0.5527517795562744,0.008051753044128418,0.1710750001723854,0.24021571548622234,0.06914071531383703,0.0,0.020587123930454254,0.020587123930454254,0.0,-0.048722632229328156,-0.048722632229328156,0.0,0.05289352099342838,0.05289352099342838,1.8086026396997925,1.8086205624884788,125.16629909384116,124.43020784767796,1362.0740614548313,1363.7260945010053,0.32231283207333583,0.33036458511746425,1.5081462511424375,1.577286966456274,0.0,0.05216592164398298,0.0,0.008743064801091032
scen08,0,live_000206,206,206,1784644560.781,1,pedestrian,scen08#seg0:1:8,8,True,0.2051556450398273,True,28.6210994720459,28.17670440673828,-0.4443950653076172,29.96809959411621,29.82935333251953,-0.1387462615966797,0.5095999836921692,0.5187586545944214,0.009158670902252197,-2.5613919695638896,0.09649587778087722,2.6578878473447674,0.0,0.0011456592474132776,0.0011456592474132776,0.0,0.00045881696860305965,0.00045881696860305965,0.0,0.0012341183581252079,0.0012341183581252079,0.4655507482292512,0.4656408277089879,111.59624875913012,111.62829937414084,1365.7467848180504,1365.2823386346722,0.287212789253359,0.2963714601556112,-1.2243207185938376,1.433567128750929,0.0,-0.00018100390163239104,0.0,0.001220772587116663
scen08,0,live_000206,206,206,1784644560.781,1,pedestrian,scen08#seg0:1:7,7,True,0.03297889475840732,True,37.63349914550781,37.6740608215332,0.040561676025390625,25.597900390625,25.83289909362793,0.2349987030029297,0.6007999777793884,0.5885357856750488,-0.0122641921043396,-1.5577290002953554,-2.5574521640112704,-0.999723163715915,0.0,-0.02466842159628868,-0.02466842159628868,0.0,-0.020755887031555176,-0.020755887031555176,0.0,0.032238763476891016,0.032238763476891016,0.23847356242369488,0.23878871494067733,117.93492206106413,117.71570707929762,1373.5019901489077,1373.5958753540476,0.37841278334057826,0.36614859123623866,-0.22065774932530324,-1.2203809130412184,0.0,0.014478264592594154,0.0,-0.028804821209404453
scen08,0,live_000207,207,207,1784644560.888,0,vehicle,scen08#seg0:0:6,6,True,0.8811043218779524,True,17.566600799560547,17.307283401489258,-0.25931739807128906,-1.7848999500274658,-1.8077855110168457,-0.022885560989379883,0.8472999930381775,0.7790855169296265,-0.06821447610855103,0.15575599741682286,0.1276246784460182,-0.028131318970804564,4.043000221252441,3.526350259780884,-0.5166499614715576,0.703000009059906,0.7109696865081787,0.007969677448272705,4.103664192131895,3.5973078892124657,0.5167114266659791,0.26032530004642657,0.26911424450412524,139.94630499261612,139.90941299854978,1347.9980747814325,1347.7403768136132,0.6264557146024774,0.5582412384939264,1.4963336316493052,1.4682023126785007,0.23812162795415404,0.11246763030441853,4.096749674081391,3.5955493435529364
scen08,0,live_000207,207,207,1784644560.888,0,vehicle,scen08#seg0:0:1,1,True,0.8139776035652062,True,30.475099563598633,30.597431182861328,0.12233161926269531,0.7759000062942505,0.7563380599021912,-0.019561946392059326,0.7986999750137329,0.7992246150970459,0.0005246400833129883,0.20513399752767367,0.17826707489502253,-0.026866922632651224,3.984100103378296,3.742492437362671,-0.241607666015625,0.8312000036239624,1.048129677772522,0.21692967414855957,4.069882931948218,3.8864926945955163,0.32470409268088696,0.12388581362722226,0.12388692451302465,140.39866402769783,140.44562476921985,1361.1503524572136,1361.2649926926188,0.5778556965780328,0.5783803366613458,1.545711631760156,1.5188447091275048,0.09986355155610005,-0.16647532416830924,4.068657561264406,3.882925627872284
scen08,0,live_000207,207,207,1784644560.888,1,pedestrian,scen08#seg0:1:4,4,True,0.6347275141137487,True,16.104700088500977,16.082883834838867,-0.021816253662109375,11.428999900817871,11.491689682006836,0.06268978118896484,0.48510000109672546,0.49228790402412415,0.007187902927398682,2.3840149977083454,2.3084319162487885,-0.07558308145955683,0.0,-0.02719002775847912,-0.02719002775847912,0.0,-0.002330223796889186,-0.002330223796889186,0.0,0.02728969681858803,0.02728969681858803,0.06637738763592456,0.06676543670091208,126.74744209022985,126.68142802318211,1349.5900298816719,1349.583094426302,0.2642557226610253,0.271443625588424,-2.558592675238758,-2.6341757566983155,0.0,-0.003935760343741183,0.0,-0.027004394882446225
scen08,0,live_000207,207,207,1784644560.888,1,pedestrian,scen08#seg0:1:5,5,True,0.21268127946445503,True,27.898500442504883,29.33478546142578,1.4362850189208984,15.81719970703125,16.913619995117188,1.0964202880859375,0.5432000160217285,0.5300891399383545,-0.013110876083374023,0.16759299679466488,0.22866961400852334,0.0610766172138586,0.0,0.02022942341864109,0.02022942341864109,0.0,-0.05198344960808754,-0.05198344960808754,0.0,0.055780898209039635,0.055780898209039635,1.8069455176355085,1.8069930821048346,125.16625091876212,124.42650454640254,1362.0740139736445,1363.7225974287003,0.32235573758602837,0.30924486150265434,1.5081706310271468,1.5692472482410054,0.0,0.055228106298389035,0.0,0.007833573877936064
scen08,0,live_000207,207,207,1784644560.888,1,pedestrian,scen08#seg0:1:8,8,True,0.19947257691035247,True,28.377700805664062,27.910741806030273,-0.46695899963378906,29.86720085144043,29.72687339782715,-0.14032745361328125,0.5080999732017517,0.49604952335357666,-0.012050449848175049,-2.564935993035091,0.03368819424506803,2.5986241872801585,0.0,-0.00042968394700437784,-0.00042968394700437784,0.0,0.001730683958157897,0.001730683958157897,0.0,0.001783226081386863,0.001783226081386863,0.48758845513052973,0.4877373421403368,111.59628671985587,111.62635626112146,1365.7466474683392,1365.2599870895692,0.28725569476605156,0.2752052449178765,-1.2243583588026086,1.37426582847755,0.0,-0.0017830722573937004,0.0,-2.342183279077832e-05
scen08,0,live_000207,207,207,1784644560.888,1,pedestrian,scen08#seg0:1:7,7,True,0.08376210307480836,True,37.37480163574219,36.53995132446289,-0.8348503112792969,25.465499877929688,25.51274299621582,0.04724311828613281,0.5993000268936157,0.5402945280075073,-0.0590054988861084,-1.5612409998488341,-2.590632437970891,-1.0293914381220568,0.0,-0.0028576478362083435,-0.0028576478362083435,0.0,-0.0028583763632923365,-0.0028583763632923365,0.0,0.004041839505721937,0.004041839505721937,0.8361859568711594,0.8382652344976111,117.93490798281648,117.69840643302902,1373.501947287917,1372.6999036660254,0.3784557484579156,0.3194502495718072,-0.22066336561635191,-1.2500548037384087,0.0,0.0021308744821365586,0.0,-0.003434507320037883
scen08,0,live_000208,208,208,1784644560.985,0,vehicle,scen08#seg0:0:6,6,True,0.875184690967977,True,17.607500076293945,17.413841247558594,-0.19365882873535156,-1.7797000408172607,-1.7912715673446655,-0.011571526527404785,0.8503999710083008,0.7634927034378052,-0.0869072675704956,0.15395199443131738,0.1299521808503389,-0.02399981358097847,4.044099807739258,3.553852081298828,-0.4902477264404297,0.6958000063896179,0.7090514302253723,0.013251423835754395,4.10352054994836,3.6238954933133294,0.49042678710862153,0.19400423235930359,0.212580609016656,139.96786134390845,139.93553412572496,1348.3576640369524,1348.1663721313791,0.6301258688581556,0.54321860128766,1.4976547317313749,1.4736549181503964,0.23258043102210557,0.10929158603001465,4.0969241202338695,3.6222470782208798
scen08,0,live_000208,208,208,1784644560.985,0,vehicle,scen08#seg0:0:1,1,True,0.8207254183491948,True,30.518800735473633,30.2192325592041,-0.29956817626953125,0.7526999711990356,0.7952152490615845,0.04251527786254883,0.7991999983787537,0.8070141673088074,0.007814168930053711,0.20199698962467263,0.21952004795279387,0.017523058328121177,3.9869000911712646,3.6976752281188965,-0.28922486305236816,0.8184000253677368,1.159157156944275,0.3407571315765381,4.070030827709214,3.8751061155972577,0.4469523958185382,0.30257005979637625,0.30267094726988597,140.40741762334156,140.2985471469928,1361.507626957425,1361.225322404743,0.5789258962286085,0.5867400651586622,1.5456997269247292,1.5632227852528509,0.10024985561708688,-0.29687631571458184,4.0687960018846,3.8637173628912094
scen08,0,live_000208,208,208,1784644560.985,1,pedestrian,scen08#seg0:1:4,4,True,0.7774252562941903,True,15.83180046081543,15.828532218933105,-0.0032682418823242188,11.378800392150879,11.464512825012207,0.08571243286132812,0.484499990940094,0.494355708360672,0.009855717420578003,2.3808670190558847,2.2172607804083695,-0.16360623864751522,0.0,-0.021847838535904884,-0.021847838535904884,0.0,0.002912473399192095,0.002912473399192095,0.0,0.022041110452787355,0.022041110452787355,0.08577471977225609,0.08633908569056858,126.74741412390775,126.66316653437755,1349.5901485488262,1349.6062620900373,0.2642258887899488,0.2740816062105268,-2.558615550823644,-2.72222178947116,0.0,-0.007756663827811093,0.0,-0.020631158868427604
scen08,0,live_000208,208,208,1784644560.985,1,pedestrian,scen08#seg0:1:5,5,True,0.21134172721945887,True,27.63920021057129,29.077795028686523,1.4385948181152344,15.729999542236328,16.821229934692383,1.0912303924560547,0.5425999760627747,0.5378202795982361,-0.004779696464538574,0.16447500000478027,0.2197365409838631,0.055261540979082646,0.0,0.020086079835891724,0.020086079835891724,0.0,-0.05480067804455757,-0.05480067804455757,0.0,0.058365785502442015,0.058365785502442015,1.80564083364544,1.8056471597812493,125.16632951883578,124.42701146199805,1362.0740499568733,1363.7213955887798,0.32232587391262946,0.3175461774480909,1.5081777373048375,1.5634392782839202,0.0,0.057915978345718405,0.0,0.0072321759917293865
scen08,0,live_000208,208,208,1784644560.985,1,pedestrian,scen08#seg0:1:8,8,True,0.26327059342499126,True,28.16230010986328,28.23324966430664,0.07094955444335938,29.778600692749023,30.041763305664062,0.26316261291503906,0.5074999928474426,0.4644801914691925,-0.04301980137825012,-2.5680430233202025,-0.6305865691075708,1.9374564542126311,0.0,-0.014915553852915764,-0.014915553852915764,0.0,-0.007953731343150139,-0.007953731343150139,0.0,0.016903715243053497,0.016903715243053497,0.27255898464732714,0.2759331502784796,111.59620212847106,111.35577030512762,1365.746715256094,1365.875093363401,0.2872258906972974,0.24420608931904728,-1.2243402860201456,0.713116168192486,0.0,0.0043913307348579615,0.0,-0.016323351475580346
scen08,0,live_000208,208,208,1784644560.985,1,pedestrian,scen08#seg0:1:7,7,True,0.025710052383087767,True,37.145599365234375,36.61634063720703,-0.5292587280273438,25.34869956970215,25.351552963256836,0.0028533935546875,0.5986999869346619,0.533613920211792,-0.06508606672286987,-1.5643440001559397,-2.8245781589869887,-1.260234158831049,0.0,-0.07266128063201904,-0.07266128063201904,0.0,-0.011295733973383904,-0.011295733973383904,0.0,0.07353404183833828,0.07353404183833828,0.5292664197244141,0.5332533536034758,117.93492509569701,117.81298411239332,1373.501989630111,1372.9869621166335,0.37842588478451666,0.3133398180616468,-0.22064126285588248,-1.4808754216869318,0.0,-0.005353732228940086,0.0,-0.07333889050362906
scen08,0,live_000209,209,209,1784644561.104,0,vehicle,scen08#seg0:0:6,6,True,0.8774397763632713,True,17.73189926147461,17.4423885345459,-0.28951072692871094,-1.7639000415802002,-1.7506617307662964,0.013238310813903809,0.8526999950408936,0.7701835632324219,-0.08251643180847168,0.15361399260289785,0.12962498180142548,-0.02398901080147242,4.045400142669678,3.6738760471343994,-0.3715240955352783,0.6906999945640564,0.6711003184318542,-0.01959967613220215,4.103940642456057,3.7346674346060875,0.3720407247436681,0.2898132396561554,0.3013315041584572,139.9991216985779,139.92214472091268,1348.8817686838354,1348.602365285879,0.6340145735321129,0.5514981417236412,1.5012695241564433,1.4772805133549713,0.22164568230193038,0.15854351016062063,4.097950949965061,3.7313006850819685
scen08,0,live_000209,209,209,1784644561.104,0,vehicle,scen08#seg0:0:1,1,True,0.8138944361759393,True,30.646299362182617,30.311079025268555,-0.3352203369140625,0.7347999811172485,0.7535085678100586,0.01870858669281006,0.7955999970436096,0.7864050269126892,-0.00919497013092041,0.1980879892700568,0.19346965083348458,-0.0046183384365723334,3.9890999794006348,3.7752115726470947,-0.21388840675354004,0.8029999732971191,1.1389182806015015,0.3359183073043823,4.069118774718835,3.943267334094511,0.39823279589432264,0.335741992453759,0.33586788023347586,140.42024594123262,140.32781906523968,1362.0289313487165,1361.7061621462033,0.5769145755348289,0.5677196054039085,1.5457435208236028,1.54112518238703,0.09967106413450211,-0.27525103848493837,4.067897894704784,3.933648959166259
scen08,0,live_000209,209,209,1784644561.104,1,pedestrian,scen08#seg0:1:4,4,True,0.811855496580776,True,15.49020004272461,15.638627052307129,0.14842700958251953,11.315999984741211,11.458232879638672,0.14223289489746094,0.4828999936580658,0.4765655994415283,-0.006334394216537476,2.3769069747689873,2.1999339268571116,-0.17697304791187563,0.0,-0.02129126526415348,-0.02129126526415348,0.0,0.0003133297141175717,0.0003133297141175717,0.0,0.021293570674226943,0.021293570674226943,0.20557425316542322,0.20567182139177942,126.74743495321026,126.64157435942316,1349.5901460469363,1349.7663683731257,0.2642145721492851,0.25788017793274765,-2.5586228008570533,-2.735595848768929,0.0,-0.005017182899906483,0.0,-0.02069405778979037
scen08,0,live_000209,209,209,1784644561.104,1,pedestrian,scen08#seg0:1:5,5,True,0.19682025469576558,True,27.314699172973633,28.75859832763672,1.443899154663086,15.620599746704102,16.702190399169922,1.0815906524658203,0.5410000085830688,0.5411633849143982,0.0001633763313293457,0.16050200657762162,0.20866908815513652,0.048167081577514814,0.0,0.018608052283525467,0.018608052283525467,0.0,-0.05702212080359459,-0.05702212080359459,0.0,0.05998151274122846,0.05998151274122846,1.8040740307255168,1.8040740381231692,125.1662445787097,124.43099525622313,1362.0740635327072,1363.7215135447323,0.3223145870742882,0.3224779634056175,1.508157538131167,1.5563246197086817,0.0,0.059726227592731114,0.0,0.0055280745533537595
scen08,0,live_000209,209,209,1784644561.104,1,pedestrian,scen08#seg0:1:8,8,True,0.29244364077445795,True,27.893400192260742,28.104703903198242,0.2113037109375,29.666900634765625,29.955501556396484,0.2886009216308594,0.5059000253677368,0.45215705037117004,-0.05374297499656677,-2.572021007922899,-0.9047828960286735,1.6672381118942257,0.0,-0.008536545559763908,-0.008536545559763908,0.0,-0.005456831306219101,-0.005456831306219101,0.0,0.010131614777440848,0.010131614777440848,0.3576866648648507,0.3617016140185465,111.59625335605907,111.36156781930674,1365.7467739385065,1366.0167043907743,0.28721460385895614,0.23347162886238937,-1.2243654763693537,0.4428726355248722,0.0,0.0034324580981693878,0.0,-0.009532462924279807
scen08,0,live_000209,209,209,1784644561.104,1,pedestrian,scen08#seg0:1:7,7,False,nan,True,36.85900115966797,nan,nan,25.201499938964844,nan,nan,0.597100019454956,nan,nan,-1.5682719999551642,nan,nan,0.0,nan,nan,0.0,nan,nan,0.0,nan,nan,nan,nan,117.9349748005034,nan,1373.501928000843,nan,0.3784145979461754,nan,-0.22061646840161853,nan,0.0,nan,0.0,nan
scen08,0,live_000210,210,210,1784644561.181,0,vehicle,scen08#seg0:0:6,6,True,0.8737829500841023,True,17.757600784301758,17.576257705688477,-0.18134307861328125,-1.7632999420166016,-1.7515524625778198,0.011747479438781738,0.8528000116348267,0.7745596170425415,-0.07824039459228516,0.15339499111729424,0.13473478132831843,-0.018660209788975646,4.049200057983398,3.6624603271484375,-0.38673973083496094,0.6890000104904175,0.7157310843467712,0.02673107385635376,4.10740089643421,3.7317404294827963,0.38766244300397723,0.18172318353503303,0.19785063755283627,140.01516766501788,139.9640226496062,1349.1617984349357,1348.9874209626732,0.6353483601197969,0.5571079655275117,1.5035820705687764,1.4849218607798003,0.21376112104785094,0.1030499020269543,4.101834748884567,3.730317325741696
scen08,0,live_000210,210,210,1784644561.181,0,vehicle,scen08#seg0:0:1,1,True,0.7940051586010775,True,30.673900604248047,30.353797912597656,-0.3201026916503906,0.7111999988555908,0.6701199412345886,-0.0410800576210022,0.7925000190734863,0.8033568859100342,0.010856866836547852,0.19553400198725138,0.16377485039752965,-0.03175915158972176,3.989799976348877,3.82780122756958,-0.16199874877929688,0.7930999994277954,1.0049887895584106,0.21188879013061523,4.067863254875447,3.9575326536771955,0.2667216788884504,0.3227279106863395,0.32291047659293504,140.42703720241963,140.39707545863428,1362.3065431825632,1361.985209091242,0.5750483675584566,0.5859052343950044,1.5457210814387334,1.5139619298490112,0.09918589481664897,-0.1430168625600161,4.066653860194557,3.9549476459170423
scen08,0,live_000210,210,210,1784644561.181,1,pedestrian,scen08#seg0:1:4,4,True,0.8101585524399191,True,15.272199630737305,15.359827995300293,0.08762836456298828,11.276599884033203,11.377573013305664,0.10097312927246094,0.48170000314712524,0.49268439412117004,0.0109843909740448,2.374339998803658,2.112535226024669,-0.26180477277898895,0.0,-0.01961917243897915,-0.01961917243897915,0.0,0.003980696201324463,0.003980696201324463,0.0,0.020018937769962674,0.020018937769962674,0.13369481332892869,0.13414529420045926,126.7474329938698,126.66808221980862,1349.5900776237463,1349.6976776133697,0.2642483516320955,0.2752327426061403,-2.558658228924447,-2.820463001703436,0.0,-0.008177369935578483,0.0,-0.018272615860197336
scen08,0,live_000210,210,210,1784644561.181,1,pedestrian,scen08#seg0:1:5,5,True,0.18593676771519796,True,27.10770034790039,28.561267852783203,1.4535675048828125,15.551199913024902,16.627368927001953,1.0761690139770508,0.5397999882698059,0.539984405040741,0.0001844167709350586,0.15794899368312967,0.19674091942420074,0.038791925741071154,0.0,0.017826566472649574,0.017826566472649574,0.0,-0.05749818682670593,-0.05749818682670593,0.0,0.06019823884934321,0.06019823884934321,1.8085901243497884,1.808590133752014,125.16632416643903,124.43431251562698,1362.074122541546,1363.7279536033452,0.32234833675477614,0.3225327535257112,1.5081360731346116,1.5469279988756828,0.0,0.060005561908427554,0.0,0.0048125357781986615
scen08,0,live_000210,210,210,1784644561.181,1,pedestrian,scen08#seg0:1:8,8,True,0.2847870559899235,True,27.721799850463867,28.03169059753418,0.3098907470703125,29.59600067138672,30.058534622192383,0.46253395080566406,0.5047000050544739,0.3777586817741394,-0.12694132328033447,-2.5744909894438086,-0.45213582471372177,2.1223551647300862,0.0,-0.009018158540129662,-0.009018158540129662,0.0,-0.00420583738014102,-0.00420583738014102,0.0,0.009950691007317282,0.009950691007317282,0.556749432660414,0.5710376785500719,111.59628861050474,111.21277606595095,1365.7466804446717,1366.150274372943,0.2872483535394441,0.16030703025910967,-1.2243039099923267,0.8980512547377604,0.0,0.0021305151830448843,0.0,-0.009719936037748409
scen08,0,live_000210,210,210,1784644561.181,1,pedestrian,scen08#seg0:1:7,7,False,nan,True,36.67610168457031,nan,nan,25.107999801635742,nan,nan,0.5958999991416931,nan,nan,-1.5707809999992786,nan,nan,0.0,nan,nan,0.0,nan,nan,0.0,nan,nan,nan,nan,117.93493714037857,nan,1373.501885661679,nan,0.37844834762666335,nan,-0.2205939205477967,nan,0.0,nan,0.0,nan
scen08,0,live_000211,211,211,1784644561.273,0,vehicle,scen08#seg0:0:6,6,True,0.8811991413938074,True,17.825000762939453,17.633987426757812,-0.19101333618164062,-1.7578999996185303,-1.7508352994918823,0.007064700126647949,0.8519999980926514,0.7863194942474365,-0.06568050384521484,0.15367999738790286,0.12614751344357647,-0.02753248394432628,4.053599834442139,3.6767139434814453,-0.37688589096069336,0.6876000165939331,0.6258062720298767,-0.061793744564056396,4.111504031447533,3.7295923252150245,0.3819181085946089,0.19114393683065106,0.20211366399251982,140.03567155221896,139.98752611357608,1349.5238064727466,1349.338825334992,0.6360641677900619,0.5703836639448471,1.5068218897510404,1.479289405806714,0.20395710227286346,0.18290818773135953,4.106442121964191,3.725104496140161
scen08,0,live_000211,211,211,1784644561.273,0,vehicle,scen08#seg0:0:1,1,True,0.7839248340676086,True,30.743200302124023,30.28559684753418,-0.45760345458984375,0.6894000172615051,0.7086939215660095,0.019293904304504395,0.7878999710083008,0.8033828139305115,0.015482842922210693,0.19256400344024147,0.22882730902198398,0.03626330558174251,3.9909000396728516,3.5093984603881836,-0.48150157928466797,0.7791000008583069,0.8820817470550537,0.10298174619674683,4.066236581656088,3.6185557564120314,0.49239111578435346,0.45801001778986294,0.4582716386825879,140.43566749829026,140.3180139151202,1362.6656921802823,1362.2230514560342,0.5719641407057113,0.587446983627922,1.545705895803379,1.5819692013851219,0.10107651715419685,-0.10345099109913447,4.064980132261185,3.617076672494413
scen08,0,live_000211,211,211,1784644561.273,1,pedestrian,scen08#seg0:1:4,4,True,0.7318114341746131,True,15.0201997756958,14.792458534240723,-0.22774124145507812,11.231100082397461,11.184864044189453,-0.04623603820800781,0.48019999265670776,0.49897411465644836,0.0187741219997406,2.3714429679947604,2.451264986783565,0.0798220187888048,0.0,-0.016648031771183014,-0.016648031771183014,0.0,-0.005304792430251837,-0.005304792430251837,0.0,0.017472772664416377,0.017472772664416377,0.2323872722174615,0.2331444014887205,126.74745696763033,126.7434236999899,1349.5900247676536,1349.3576724983711,0.2642641623541183,0.2830382843538589,-2.5586004468216883,-2.478778428032883,0.0,0.0015846586616818053,0.0,-0.01740076554374356
scen08,0,live_000211,211,211,1784644561.273,1,pedestrian,scen08#seg0:1:5,5,True,0.1845883567732436,True,26.86829948425293,28.333770751953125,1.4654712677001953,15.470800399780273,16.54271125793457,1.0719108581542969,0.5382999777793884,0.520936906337738,-0.01736307144165039,0.1549950046658259,0.18241053472295807,0.027415530057132376,0.0,0.016560377553105354,0.016560377553105354,0.0,-0.05926431342959404,-0.05926431342959404,0.0,0.061534583373762726,0.061534583373762726,1.8156538558557627,1.8157368753577117,125.16626401516177,124.43609699571836,1362.074108808231,1363.7364731028426,0.322364147476799,0.3050010760351486,1.5081368970289635,1.5355524270860954,0.0,0.061442116743109294,0.0,0.003372127089640119
scen08,0,live_000211,211,211,1784644561.273,1,pedestrian,scen08#seg0:1:8,8,True,0.2931309972195102,True,27.52400016784668,27.778366088867188,0.2543659210205078,29.513700485229492,29.999135971069336,0.48543548583984375,0.5031999945640564,0.4009588360786438,-0.1022411584854126,-2.5774949952967625,-0.42423166748478264,2.1532633278119793,0.0,-0.009130162186920643,-0.009130162186920643,0.0,-0.0032755928114056587,-0.0032755928114056587,0.0,0.009699967516729526,0.009699967516729526,0.5480416340837404,0.5574969840076407,111.59627518130998,111.17722052679034,1365.7467630589754,1366.0999525679001,0.28726416426146695,0.18502300577605432,-1.2243531029336248,0.9289102248783552,0.0,0.0012267433961187526,0.0,-0.009622082439144189
scen08,0,live_000211,211,211,1784644561.273,1,pedestrian,scen08#seg0:1:7,7,False,nan,True,36.46500015258789,nan,nan,24.999300003051758,nan,nan,0.5943999886512756,nan,nan,-1.573787999890615,nan,nan,0.0,nan,nan,0.0,nan,nan,0.0,nan,nan,nan,nan,117.93488524842945,nan,1373.5019751681082,nan,0.3784641583486862,nan,-0.22064610752747704,nan,0.0,nan,0.0,nan
scen08,0,live_000212,212,212,1784644561.414,0,vehicle,scen08#seg0:0:6,6,True,0.8810459378030373,True,17.952299118041992,17.819969177246094,-0.13232994079589844,-1.7482000589370728,-1.7605558633804321,-0.012355804443359375,0.848800003528595,0.7989785075187683,-0.04982149600982666,0.1525699960718557,0.14159479847773015,-0.010975197594125685,4.056000232696533,3.747342348098755,-0.3086578845977783,0.6790000200271606,0.7024154663085938,0.023415446281433105,4.112441964919531,3.8126056918023674,0.3095447832688093,0.132905527102858,0.14193681903983088,140.06886977072114,140.05302804445904,1350.1519430349408,1350.019985015694,0.6353566887430778,0.5855351927332512,1.510785605110919,1.4998104075167937,0.19203249427874858,0.10402250133934177,4.107955992458086,3.8111863612763566
scen08,0,live_000212,212,212,1784644561.414,0,vehicle,scen08#seg0:0:1,1,True,0.7646728092377089,True,30.872800827026367,30.43061637878418,-0.4421844482421875,0.6495000123977661,0.6463329195976257,-0.003167092800140381,0.7825000286102295,0.8030035495758057,0.020503520965576172,0.18755500293320507,0.22789920530248783,0.04034420236928282,3.9923999309539795,3.7558934688568115,-0.23650646209716797,0.7590000033378601,1.1186360120773315,0.35963600873947144,4.063906767354316,3.9189389223254714,0.4304339268642475,0.44219579005690735,0.442670883519617,140.45115180396533,140.36095410373778,1363.2874746378493,1362.854575698583,0.5690567138247123,0.5895602347902885,1.5457706119722685,1.5861148143415509,0.10041473926341793,-0.30102464466446754,4.062666008163466,3.907360546484309
scen08,0,live_000212,212,212,1784644561.414,1,pedestrian,scen08#seg0:1:4,4,True,0.7808538660032838,True,14.592499732971191,14.694985389709473,0.10248565673828125,11.154800415039062,11.229228019714355,0.07442760467529297,0.47760000824928284,0.4939221143722534,0.01632210612297058,2.3663730035712764,2.265801960569485,-0.10057104300179143,0.0,-0.0142047218978405,-0.0142047218978405,0.0,-0.005462676752358675,-0.005462676752358675,0.0,0.015218901454958874,0.015218901454958874,0.12666008911562673,0.12770743644388144,126.74745862885321,126.69632916754236,1349.5900904486978,1349.7059720967738,0.2641566934637657,0.28047879958673627,-2.558596694569246,-2.659167737571038,0.0,0.0023427521322834646,0.0,-0.015037502250787217
scen08,0,live_000212,212,212,1784644561.414,1,pedestrian,scen08#seg0:1:5,5,True,0.17512541280099825,True,26.46190071105957,27.94489860534668,1.4829978942871094,15.33430004119873,16.394357681274414,1.0600576400756836,0.5357000231742859,0.4881133437156677,-0.047586679458618164,0.1499400035116167,0.16733567090788673,0.017395667396269854,0.0,0.013186297379434109,0.013186297379434109,0.0,-0.05944624915719032,-0.05944624915719032,0.0,0.060891173230917646,0.060891173230917646,1.8229111209115019,1.8235321348429057,125.16628535979875,124.4429776318456,1362.0741117478203,1363.747381267481,0.32225670838876874,0.2746700289301506,1.5081556125506799,1.5255512799469502,0.0,0.06089018274224585,0.0,0.0003473082975221035
scen08,0,live_000212,212,212,1784644561.414,1,pedestrian,scen08#seg0:1:8,8,True,0.28772529543514125,True,27.188800811767578,27.395509719848633,0.2067089080810547,29.373699188232422,29.865646362304688,0.4919471740722656,0.5005999803543091,0.4713774621486664,-0.0292225182056427,-2.5824910129694483,-0.4244369193498366,2.1580540936196115,0.0,-0.008157441392540932,-0.008157441392540932,0.0,-0.0033601883333176374,-0.0033601883333176374,0.0,0.008822398523536787,0.008822398523536787,0.5336109020229534,0.5344104698899799,111.5962812755992,111.15902010070698,1365.746726799925,1366.0525752259298,0.28715666556879194,0.25793414736314924,-1.2242754039303851,0.9337786896892268,0.0,0.0015634661367189189,0.0,-0.008682758164744503
scen08,0,live_000212,212,212,1784644561.414,1,pedestrian,scen08#seg0:1:7,7,False,nan,True,36.1068000793457,nan,nan,24.81399917602539,nan,nan,0.5917999744415283,nan,nan,-1.5788850000657206,nan,nan,0.0,nan,nan,0.0,nan,nan,0.0,nan,nan,nan,nan,117.93488923429396,nan,1373.5019588585944,nan,0.3783566596560112,nan,-0.22066939102665728,nan,0.0,nan,0.0,nan
scen08,0,live_000213,213,213,1784644561.499,0,vehicle,scen08#seg0:0:6,6,True,0.8811765988612947,True,17.98819923400879,17.86471939086914,-0.12347984313964844,-1.7496999502182007,-1.7678529024124146,-0.018152952194213867,0.848800003528595,0.8035426139831543,-0.045257389545440674,0.15112099581053545,0.13369972705917238,-0.017421268751363073,4.057700157165527,3.7332003116607666,-0.32449984550476074,0.6744999885559082,0.6573327779769897,-0.017167210578918457,4.113378270962089,3.7906293604079773,0.32495363184872167,0.12480705643174828,0.1327593034164663,140.08611118612288,140.07820335660324,1350.5026372869888,1350.378081004259,0.6368738174359045,0.5916164278904639,1.5125485180263727,1.4951272492750096,0.18359220617420113,0.13293965555297915,4.10927909758575,3.7882975062643176
scen08,0,live_000213,213,213,1784644561.499,0,vehicle,scen08#seg0:0:1,1,True,0.7897374645630251,True,30.911100387573242,30.372920989990234,-0.5381793975830078,0.6141999959945679,0.6242449879646301,0.010044991970062256,0.7807000279426575,0.7955775260925293,0.014877498149871826,0.18428200750022528,0.2183624031698967,0.03408039566967158,3.993299961090088,3.4893906116485596,-0.5039093494415283,0.746399998664856,0.8604794144630432,0.11407941579818726,4.062457081280859,3.5939214882041832,0.5166611515910984,0.5382731331271214,0.5384786957695609,140.4597618477079,140.33807964783068,1363.6346509316513,1363.1103119114748,0.568773841849967,0.5836513399998389,1.5457095297160626,1.5797899253857342,0.09987722733351645,-0.11644475021252154,4.061229133736382,3.592034560457863
scen08,0,live_000213,213,213,1784644561.499,1,pedestrian,scen08#seg0:1:4,4,True,0.8043977634920338,True,14.323200225830078,14.358068466186523,0.03486824035644531,11.108099937438965,11.147806167602539,0.03970623016357422,0.47609999775886536,0.4908280074596405,0.014728009700775146,2.3631559836784333,2.1710735541881547,-0.19208242949027854,0.0,-0.009886235930025578,-0.009886235930025578,0.0,0.0003934419364668429,0.0003934419364668429,0.0,0.00989406172517129,0.00989406172517129,0.052842964520904506,0.05485702479267081,126.74735342491323,126.71576139082165,1349.5900710873314,1349.6324305287974,0.26417381166617493,0.2789018213669501,-2.558601801285316,-2.750684230775594,0.0,-0.0024396303541937125,0.0,-0.00958856929663629
scen08,0,live_000213,213,213,1784644561.499,1,pedestrian,scen08#seg0:1:5,5,True,0.18802596888218837,True,26.20599937438965,26.810203552246094,0.6042041778564453,15.24940013885498,15.55868148803711,0.3092813491821289,0.5342000126838684,0.4979298412799835,-0.03627017140388489,0.14678000556121618,1.0413390145386858,0.8945590089774695,0.0,0.008116641081869602,0.008116641081869602,0.0,-0.010047088377177715,-0.010047088377177715,0.0,0.012916030632927164,0.012916030632927164,0.6787618444573185,0.6797302162069656,125.16624073504813,124.98929270434613,1362.074115529146,1362.7294070947273,0.322273826591178,0.2860036551872931,1.5082075277770528,2.4027665367545232,0.0,0.011514666278824557,0.0,0.00585118003466083
scen08,0,live_000213,213,213,1784644561.499,1,pedestrian,scen08#seg0:1:8,8,True,0.27494929166414295,True,26.97800064086914,27.148990631103516,0.170989990234375,29.286399841308594,29.778318405151367,0.49191856384277344,0.499099999666214,0.4568618834018707,-0.04223811626434326,-2.585702003360654,-0.42989565646149946,2.155806346899155,0.0,-0.007533661555498838,-0.007533661555498838,0.0,-0.0038321535103023052,-0.0038321535103023052,0.0,0.008452304831187968,0.008452304831187968,0.5207892570066018,0.5224992906014788,111.59623153370721,111.15059433259364,1365.7467435905826,1366.0162411512342,0.28717381357352356,0.2449356973091803,-1.2242744811448167,0.9315318657543372,0.0,0.002182652811280992,0.0,-0.008165628185555024
scen08,0,live_000213,213,213,1784644561.499,1,pedestrian,scen08#seg0:1:7,7,False,nan,True,35.88130187988281,nan,nan,24.697999954223633,nan,nan,0.5903000235557556,nan,nan,-1.5820269999438636,nan,nan,0.0,nan,nan,0.0,nan,nan,0.0,nan,nan,nan,nan,117.93491596760427,nan,1373.5019525577154,nan,0.3783738374630652,nan,-0.22059947772802646,nan,0.0,nan,0.0,nan
scen08,0,live_000214,214,214,1784644561.584,0,vehicle,scen08#seg0:0:6,6,True,0.8809327332912176,True,18.004600524902344,17.91109848022461,-0.09350204467773438,-1.7552000284194946,-1.7530264854431152,0.0021735429763793945,0.8478000164031982,0.8046096563339233,-0.0431903600692749,0.15029500119380057,0.14635454098551892,-0.00394046020828176,4.059299945831299,3.727799892425537,-0.3315000534057617,0.6693000197410583,0.7075797915458679,0.03827977180480957,4.114107262414455,3.794359128940214,0.3337029013021181,0.09352730429124537,0.10301826950061246,140.1007458490934,140.07945386343516,1350.8048848675444,1350.7138134230916,0.63719587040529,0.5940055103360151,1.5146640177237192,1.510723557515437,0.1769214784678277,0.07150870634409023,4.110301370594147,3.7936852405397223
scen08,0,live_000214,214,214,1784644561.584,0,vehicle,scen08#seg0:0:1,1,True,0.7968574577640908,True,30.92970085144043,30.446622848510742,-0.4830780029296875,0.5771999955177307,0.6057167649269104,0.028516769409179688,0.777999997138977,0.802940845489502,0.024940848350524902,0.18139999932161385,0.2196326979570589,0.03823269863544487,3.994499921798706,3.5760657787323,-0.41843414306640625,0.7339000105857849,0.8421018123626709,0.10820180177688599,4.061359236855031,3.6738783208218457,0.43219759600382124,0.48391896331108114,0.4845612540933451,140.4670491196374,140.3401239960214,1363.9336369116927,1363.4666598501071,0.5673958511410688,0.5923366994915937,1.5457690158515316,1.584001714486977,0.10041128552037992,-0.09125742372125845,4.060117784563378,3.672744750022863
scen08,0,live_000214,214,214,1784644561.584,1,pedestrian,scen08#seg0:1:4,4,True,0.7541398567163249,True,14.078700065612793,14.040200233459473,-0.03849983215332031,11.065600395202637,11.068763732910156,0.0031633377075195312,0.4747999906539917,0.46184539794921875,-0.01295459270477295,2.360179991026832,2.03296367383297,-0.32721631719386224,0.0,0.09763740003108978,0.09763740003108978,0.0,0.0015093295369297266,0.0015093295369297266,0.0,0.09764906533337685,0.09764906533337685,0.038629571331890954,0.04074389835830892,126.74746853969377,126.73648126736839,1349.5901408546463,1349.5531067672653,0.2641958446560834,0.2512412519513105,-2.558636299622836,-2.885852616816698,0.0,0.01853490314246117,0.0,0.09587386153682181
scen08,0,live_000214,214,214,1784644561.584,1,pedestrian,scen08#seg0:1:5,5,True,0.2579128864903275,True,25.973600387573242,26.578319549560547,0.6047191619873047,15.171899795532227,15.48241901397705,0.3105192184448242,0.5328999757766724,0.4447336196899414,-0.08816635608673096,0.14381699008546858,1.0509766985769147,0.907159708491446,0.0,0.00832944456487894,0.00832944456487894,0.0,-0.009720776230096817,-0.009720776230096817,0.0,0.012801294359360955,0.012801294359360955,0.6797848555963957,0.6854784870758708,125.16637902095417,124.98639818693215,1362.0741508021054,1362.729676811721,0.3222958297787641,0.23412947369203313,1.5081860066153867,2.4153457151068327,0.0,0.011221638053816055,0.0,0.006160192908030888
scen08,0,live_000214,214,214,1784644561.584,1,pedestrian,scen08#seg0:1:8,8,True,0.24772403770081297,True,26.786800384521484,26.937768936157227,0.1509685516357422,29.206600189208984,29.704818725585938,0.4982185363769531,0.49779999256134033,0.4522019326686859,-0.04559805989265442,-2.5887409965336694,-0.43249851789076066,2.156242478642909,0.0,-0.0066039906814694405,-0.0066039906814694405,0.0,-0.005918275099247694,-0.005918275099247694,0.0,0.00886784489440983,0.00886784489440983,0.5205892945236072,0.5225824304725152,111.59632029231379,111.13962239249598,1365.7466997094116,1365.996580164579,0.28719584656343206,0.24159778667077764,-1.2243719800037511,0.9318704986391575,0.0,0.004439043939946783,0.0,-0.007676819782340357
scen08,0,live_000214,214,214,1784644561.584,1,pedestrian,scen08#seg0:1:7,7,False,nan,True,35.67660140991211,nan,nan,24.592100143432617,nan,nan,0.5889999866485596,nan,nan,-1.5850569998105195,nan,nan,0.0,nan,nan,0.0,nan,nan,0.0,nan,nan,nan,nan,117.93494440835066,nan,1373.5019571041796,nan,0.3783958406506513,nan,-0.22068798328060124,nan,0.0,nan,0.0,nan
scen08,0,live_000215,215,215,1784644561.712,0,vehicle,scen08#seg0:0:6,6,True,0.8789482642764241,True,18.146799087524414,17.978485107421875,-0.16831398010253906,-1.7453999519348145,-1.7610878944396973,-0.015687942504882812,0.8481000065803528,0.8031578063964844,-0.04494220018386841,0.14801600825427455,0.14282334129209812,-0.00519266696217624,4.061200141906738,3.7938754558563232,-0.26732468605041504,0.6600000262260437,0.7026187777519226,0.042618751525878906,4.114480116277352,3.8583887986306706,0.270700657098533,0.16904350752984992,0.1749157191202704,140.1262009582747,140.10781046698008,1351.3807129516367,1351.2126727859977,0.6395401357721797,0.5945979355883113,1.5168672105435412,1.511674543581365,0.16798876284036124,0.07261736681929298,4.111049306783008,3.8577053852562226
scen08,0,live_000215,215,215,1784644561.712,0,vehicle,scen08#seg0:0:1,1,True,0.7944076660141874,True,31.07270050048828,30.92369270324707,-0.14900779724121094,0.5386999845504761,0.5386971235275269,-2.86102294921875e-06,0.7764999866485596,0.785381019115448,0.008881032466888428,0.17690200639195428,0.19785790617035334,0.02095589977839918,3.996999979019165,3.7051711082458496,-0.29182887077331543,0.7146999835968018,0.9284834861755371,0.21378350257873535,4.060394672791363,3.819734876333756,0.36175609986793666,0.14900779726867747,0.1492722224144238,140.48113446600752,140.45124998446923,1364.50207195376,1364.3560916762904,0.5679401158403865,0.5768211483072749,1.5457532086812211,1.5667091084596203,0.1015234350094365,-0.16644928552731275,4.059125261799192,3.816106544742678
scen08,0,live_000215,215,215,1784644561.712,1,pedestrian,scen08#seg0:1:4,4,True,0.7349370493723484,True,13.709099769592285,13.595192909240723,-0.1139068603515625,11.002300262451172,10.92967700958252,-0.07262325286865234,0.47279998660087585,0.47530922293663025,0.0025092363357543945,2.355709000612797,2.0195431026061565,-0.33616589800664043,0.0,0.01995835080742836,0.01995835080742836,0.0,0.003448836039751768,0.003448836039751768,0.0,0.020254141230411794,0.020254141230411794,0.13508852539122107,0.13511182760722043,126.74746294781845,126.79576346853013,1349.5900691456816,1349.4639106366885,0.2642401157927028,0.2667493521284572,-2.5586251042775228,-2.8947910022841628,0.0,0.0006244025208871256,0.0,0.020244514280994164
scen08,0,live_000215,215,215,1784644561.712,1,pedestrian,scen08#seg0:1:5,5,True,0.2855686682794172,True,25.62220001220703,26.23171043395996,0.6095104217529297,15.055299758911133,15.357436180114746,0.3021364212036133,0.5309000015258789,0.4408268630504608,-0.09007313847541809,0.1393329935489177,0.9885870859779258,0.8492540924290082,0.0,0.007982928305864334,0.007982928305864334,0.0,-0.010011522099375725,-0.010011522099375725,0.0,0.012804597575982563,0.012804597575982563,0.6802862421386761,0.6862233903897281,125.16630106002557,124.99255730723537,1362.07400640095,1362.7317316320382,0.32234013071770584,0.23226699224228772,1.5081841958381847,2.3574382882671925,0.0,0.011409249107099884,0.0,0.005812637430203181
scen08,0,live_000215,215,215,1784644561.712,1,pedestrian,scen08#seg0:1:8,8,True,0.20629219861442039,True,26.49850082397461,26.64649772644043,0.1479969024658203,29.086200714111328,29.58186912536621,0.4956684112548828,0.4957999885082245,0.4438290297985077,-0.0519709587097168,-2.593165995040963,-0.4392576095333794,2.1539083855075836,0.0,-0.006520140916109085,-0.006520140916109085,0.0,-0.007493095938116312,-0.007493095938116312,0.0,0.00993270981674865,0.00993270981674865,0.5172912690693873,0.5198954102553939,111.59629634360329,111.14038528721116,1365.7467515219216,1365.9911597167818,0.2872401177000514,0.2352691589903346,-1.2243147927516962,0.9295935927558876,0.0,0.006033044141699772,0.0,-0.007890570491924969
scen08,0,live_000215,215,215,1784644561.712,1,pedestrian,scen08#seg0:1:7,7,False,nan,True,35.36750030517578,nan,nan,24.431900024414062,nan,nan,0.5870000123977661,nan,nan,-1.58950999966568,nan,nan,0.0,nan,nan,0.0,nan,nan,0.0,nan,nan,nan,nan,117.9349159510365,nan,1373.5019799634265,nan,0.37844014158959305,nan,-0.22065879737641314,nan,0.0,nan,0.0,nan
scen08,0,live_000216,216,216,1784644561.805,0,vehicle,scen08#seg0:0:6,6,True,0.874908883868585,True,18.18589973449707,18.08744239807129,-0.09845733642578125,-1.7503000497817993,-1.769083857536316,-0.0187838077545166,0.8474000096321106,0.7938073873519897,-0.05359262228012085,0.14637700786384442,0.14764277002304857,0.0012657621592042645,4.062300205230713,3.793072462081909,-0.2692277431488037,0.6531999707221985,0.7270748615264893,0.07387489080429077,4.114480910050377,3.8621285008228146,0.27917929216248133,0.10023312092226855,0.11366110897170507,140.1419829541118,140.14098816648456,1351.7577957970602,1351.6575676127636,0.6405488603097975,0.5869562380296767,1.518732622610523,1.5199983847697274,0.16046442141812733,0.034963517613103345,4.111350669625241,3.8619702367190762
scen08,0,live_000216,216,216,1784644561.805,0,vehicle,scen08#seg0:0:1,1,True,0.7816229889511348,True,31.113500595092773,31.100006103515625,-0.013494491577148438,0.49380001425743103,0.48747000098228455,-0.006330013275146484,0.774399995803833,0.7652250528335571,-0.009174942970275879,0.1733219984325961,0.18752178585578627,0.01419978742319028,3.9986000061035156,3.5835306644439697,-0.4150693416595459,0.6998999714851379,0.8630242943763733,0.16312432289123535,4.059391823770641,3.6859873786672246,0.4459732089536465,0.014905380605313668,0.01750285546695383,140.4904816348827,140.4940271067197,1364.8740985450831,1364.8596209762113,0.5675488464815199,0.558373903511244,1.5456776131792749,1.5598774006024652,0.10212298672030495,-0.13962718578389743,4.058107055571508,3.683341852813033
scen08,0,live_000216,216,216,1784644561.805,1,pedestrian,scen08#seg0:1:4,4,True,0.7253726210228706,True,13.420100212097168,13.605591773986816,0.18549156188964844,10.954000473022461,11.088512420654297,0.13451194763183594,0.47099998593330383,0.4757538139820099,0.004753828048706055,2.3521749766176825,2.344310653144353,-0.007864323473329549,0.0,-0.020097879692912102,-0.020097879692912102,0.0,0.013383297249674797,0.013383297249674797,0.0,0.02414616767571868,0.02414616767571868,0.2291300582376111,0.22917936745939352,126.74746825235877,126.65216404943754,1349.5900613193269,1349.7984304449035,0.26414883661099076,0.2689026646596968,-2.5586547158152246,-2.566519039288554,0.0,-0.01708276606922471,0.0,-0.01706506715041188
scen08,0,live_000216,216,216,1784644561.805,1,pedestrian,scen08#seg0:1:5,5,True,0.28069553230574584,True,25.347400665283203,25.960535049438477,0.6131343841552734,14.965299606323242,15.271411895751953,0.30611228942871094,0.52920001745224,0.46816131472587585,-0.061038702726364136,0.13578400592654274,0.9765697768395423,0.8407857709129996,0.0,0.007459762506186962,0.007459762506186962,0.0,-0.008571027778089046,-0.008571027778089046,0.0,0.011362683390004619,0.011362683390004619,0.6853017632931885,0.6880147018801784,125.16624874055873,124.98701770752551,1362.0740815729507,1362.735530545715,0.3223488681299269,0.2613101654035628,1.5081396206732212,2.3489253915862207,0.0,0.009873446980106757,0.0,0.005623665935358145
scen08,0,live_000216,216,216,1784644561.805,1,pedestrian,scen08#seg0:1:8,8,True,0.19060092776521387,True,26.2726993560791,26.408674240112305,0.13597488403320312,28.993000030517578,29.49059295654297,0.4975929260253906,0.49399998784065247,0.4601045250892639,-0.03389546275138855,-2.5966889940493623,-0.44224149333703433,2.154447500712328,0.0,-0.006076393648982048,-0.006076393648982048,0.0,-0.0075436485931277275,-0.0075436485931277275,0.0,0.009686547056303774,0.009686547056303774,0.5158370761377598,0.5169495057677139,111.59625376892711,111.13523222882982,1365.7466546938053,1365.9780570029657,0.2871488385183394,0.25325337576695084,-1.2243333793026834,0.9301141214096447,0.0,0.006197700149203356,0.0,-0.007444307001632322
scen08,0,live_000216,216,216,1784644561.805,1,pedestrian,scen08#seg0:1:7,7,False,nan,True,35.12540054321289,nan,nan,24.307600021362305,nan,nan,0.5853000283241272,nan,nan,-1.5930280010793407,nan,nan,0.0,nan,nan,0.0,nan,nan,0.0,nan,nan,nan,nan,117.93493293133884,nan,1373.5019392166635,nan,0.3784488790018141,nan,-0.22067238633266184,nan,0.0,nan,0.0,nan
scen08,0,live_000217,217,217,1784644561.89,0,vehicle,scen08#seg0:0:6,6,True,0.8816066736203432,True,18.253299713134766,18.127052307128906,-0.12624740600585938,-1.75,-1.769862413406372,-0.01986241340637207,0.8454999923706055,0.8052129149436951,-0.0402870774269104,0.1455830008790063,0.13793669671727732,-0.007646304161728956,4.063799858093262,3.8513128757476807,-0.21248698234558105,0.6478000283241272,0.6928848624229431,0.04508483409881592,4.115108037869183,3.9131445538690146,0.21721731038766,0.12780032468477506,0.13399989401912152,140.15647409131225,140.15143888717685,1352.11245876502,1351.9847576698448,0.6401517427375693,0.5998646653106589,1.5209200083516752,1.513273704189947,0.15379455345766468,0.06829958769276401,4.112233140115272,3.9125484617823885
scen08,0,live_000217,217,217,1784644561.89,0,vehicle,scen08#seg0:0:1,1,True,0.7565122554147159,True,31.181699752807617,31.225971221923828,0.04427146911621094,0.4602999985218048,0.43271559476852417,-0.02758440375328064,0.7721999883651733,0.7909508943557739,0.018750905990600586,0.17027799588408515,0.158153194194012,-0.012124801690073017,3.999300003051758,3.8572258949279785,-0.1420741081237793,0.6880999803543091,0.7796611189842224,0.09156113862991333,4.058063836039718,3.935233546431352,0.16902217104975767,0.052161885588345266,0.05542976441948823,140.49917810960517,140.53483554435024,1365.2239616394093,1365.262032752547,0.5668517387321371,0.5856026447227377,1.5456150033567546,1.5334902016666812,0.10173499368543448,-0.015675914843252148,4.056788395816723,3.935202323979353
scen08,0,live_000217,217,217,1784644561.89,1,pedestrian,scen08#seg0:1:4,4,True,0.7937573585270883,True,13.174699783325195,13.33215045928955,0.15745067596435547,10.913900375366211,11.085392951965332,0.1714925765991211,0.46950000524520874,0.4682392179965973,-0.0012607872486114502,2.3492879996527036,2.2620536888767595,-0.08723431077594412,0.0,-0.0177910253405571,-0.0177910253405571,0.0,0.003034289227798581,0.003034289227798581,0.0,0.01804792214595019,0.01804792214595019,0.23280983482283965,0.23281324870961304,126.74736145137406,126.60971395765594,1349.590109032387,1349.7778684174077,0.2641517556121725,0.2628909683635611,-2.5585603000542134,-2.6457946108301575,0.0,-0.006431833865275443,0.0,-0.016862947752862643
scen08,0,live_000217,217,217,1784644561.89,1,pedestrian,scen08#seg0:1:5,5,True,0.3343885413653993,True,25.11389923095703,25.694580078125,0.5806808471679688,14.88949966430664,15.191147804260254,0.3016481399536133,0.5275999903678894,0.4664805829524994,-0.061119407415390015,0.13285400249689977,0.7482054480790161,0.6153514455821165,0.0,0.0047849686816334724,0.0047849686816334724,0.0,-0.0057799965143203735,-0.0057799965143203735,0.0,0.007503618126595252,0.007503618126595252,0.6543560549159644,0.6572042517878236,125.1662603116699,124.9831341518634,1362.0740984725692,1362.7023075589407,0.3222517407348532,0.2611323333194632,1.5081910099695692,2.1235424555516857,0.0,0.006599259966485482,0.0,0.0035712816865252845
scen08,0,live_000217,217,217,1784644561.89,1,pedestrian,scen08#seg0:1:8,8,True,0.18627487571791335,True,26.08099937438965,26.188888549804688,0.10788917541503906,28.914400100708008,29.419490814208984,0.5050907135009766,0.4925000071525574,0.48146340250968933,-0.011036604642868042,-2.599719016451217,-0.4460912188666661,2.1536277975845515,0.0,-0.00579763762652874,-0.00579763762652874,0.0,-0.008413074538111687,-0.008413074538111687,0.0,0.010217261141439274,0.010217261141439274,0.5164849494773905,0.5166028548882649,111.59624151336432,111.12172237753845,1365.746659534285,1365.950591613105,0.28715175751952116,0.2761151528766531,-1.2243820089785478,0.9292457886060035,0.0,0.007126876996279394,0.0,-0.0073212054685187315
scen08,0,live_000217,217,217,1784644561.89,1,pedestrian,scen08#seg0:1:7,7,False,nan,True,34.919700622558594,nan,nan,24.202600479125977,nan,nan,0.5838000178337097,nan,nan,-1.5960269995276435,nan,nan,0.0,nan,nan,0.0,nan,nan,0.0,nan,nan,nan,nan,117.93494888785379,nan,1373.5019470369452,nan,0.3784517682006735,nan,-0.2206899920549743,nan,0.0,nan,0.0,nan
scen08,0,live_000218,218,218,1784644561.994,0,vehicle,scen08#seg0:0:6,6,True,0.8807852292255234,True,18.281600952148438,18.251426696777344,-0.03017425537109375,-1.7594000101089478,-1.7650041580200195,-0.005604147911071777,0.8396000266075134,0.81181401014328,-0.0277860164642334,0.14495599966142508,0.14534265662944956,0.00038665696802464566,4.063899993896484,3.791738271713257,-0.27216172218322754,0.6438999772071838,0.7329607009887695,0.0890607237815857,4.114594796701038,3.8619309302949714,0.28636308341376726,0.030690261664071065,0.041399938067101016,140.17151596476415,140.171265379492,1352.4919271610054,1352.4612379223697,0.6357818273668197,0.6079958109025863,1.523953475924471,1.5243401328924957,0.14258847960919063,0.003280023052935621,4.112123401178763,3.8619295373967866
scen08,0,live_000218,218,218,1784644561.994,0,vehicle,scen08#seg0:0:1,1,True,0.7883992613961226,True,31.212099075317383,31.033536911010742,-0.17856216430664062,0.4081999957561493,0.4496591091156006,0.041459113359451294,0.7688000202178955,0.7998502850532532,0.031050264835357666,0.1666239921244241,0.23207500365972836,0.0654510115353042,4.000500202178955,3.4254841804504395,-0.5750160217285156,0.6730999946594238,0.8811264634132385,0.2080264687538147,4.056730884646451,3.536993881114772,0.6114887054939532,0.1833120416187206,0.18592316571306924,140.50854049390023,140.43380319513142,1365.5985165711252,1365.4311318622201,0.5649818209772017,0.5960320858125594,1.5456214683874698,1.6110724799227745,0.10183831572097934,-0.21198602236864572,4.055452431960643,3.5306355860331524
scen08,0,live_000218,218,218,1784644561.994,1,pedestrian,scen08#seg0:1:4,4,True,0.7847825604986198,True,12.87399959564209,12.803089141845703,-0.07091045379638672,10.865400314331055,10.854458808898926,-0.010941505432128906,0.46810001134872437,0.49022483825683594,0.022124826908111572,2.3456340215166263,2.0780696626930992,-0.267564358823527,0.0,-0.005099758505821228,-0.005099758505821228,0.0,0.01626049168407917,0.01626049168407917,0.0,0.017041453184095064,0.017041453184095064,0.07174962716788709,0.07508340005916554,126.7473932721066,126.74461683222415,1349.5900888479102,1349.5183929597415,0.2642818121080306,0.28640663901614216,-2.558553809399914,-2.8261181682234406,0.0,-0.016934463515983402,0.0,-0.0019065864920141881
scen08,0,live_000218,218,218,1784644561.994,1,pedestrian,scen08#seg0:1:5,5,True,0.35314086834415903,True,24.827699661254883,25.34444808959961,0.5167484283447266,14.797300338745117,15.083440780639648,0.28614044189453125,0.526199996471405,0.4753875136375427,-0.050812482833862305,0.12921499538036568,0.6038888283629958,0.4746738329826301,0.0,0.0025621873792260885,0.0025621873792260885,0.0,-0.003951153717935085,-0.003951153717935085,0.0,0.004709184628894656,0.004709184628894656,0.5906820554954608,0.5928635585833254,125.1662677021162,124.98387944502599,1362.0741116367608,1362.6359299475696,0.32238179723071125,0.27156931439684895,1.5082124716434118,1.9828863046260423,0.0,0.004367118228092077,0.0,0.00176201539462163
scen08,0,live_000218,218,218,1784644561.994,1,pedestrian,scen08#seg0:1:8,8,True,0.18525605014669821,True,25.846200942993164,25.940515518188477,0.0943145751953125,28.818599700927734,29.326568603515625,0.5079689025878906,0.491100013256073,0.46770918369293213,-0.02339082956314087,-2.603345997818803,-0.46977194504235315,2.13357405277645,0.0,-0.006860469933599234,-0.006860469933599234,0.0,-0.010213290341198444,-0.010213290341198444,0.0,0.012303550191039842,0.012303550191039842,0.5166504089716936,0.5171796361016838,111.59622993761252,111.11555442491189,1365.7467477111343,1365.936164438433,0.2872818140153792,0.26389098445223835,-1.224348521555757,0.9092255312206934,0.0,0.008718230851416328,0.0,-0.00868157808954392
scen08,0,live_000218,218,218,1784644561.994,1,pedestrian,scen08#seg0:1:7,7,False,nan,True,34.66749954223633,nan,nan,24.074499130249023,nan,nan,0.5823000073432922,nan,nan,-1.599634000438952,nan,nan,0.0,nan,nan,0.0,nan,nan,0.0,nan,nan,nan,nan,117.93489818421753,nan,1373.5019449401675,nan,0.37848180810259846,nan,-0.22063652417590607,nan,0.0,nan,0.0,nan
scen08,0,live_000219,219,219,1784644562.097,0,vehicle,scen08#seg0:0:6,6,True,0.8764936904579912,True,18.364500045776367,18.256195068359375,-0.10830497741699219,-1.7627999782562256,-1.771893858909607,-0.009093880653381348,0.8359000086784363,0.7967516779899597,-0.03914833068847656,0.14393100604986783,0.15152848509493444,0.007597479045066802,4.064199924468994,3.810136556625366,-0.25406336784362793,0.636900007724762,0.7794846296310425,0.14258462190628052,4.113801483529994,3.889053466843063,0.2913392683525576,0.10868609294032577,0.11552168019176075,140.18901756351073,140.17773779943576,1352.964218041372,1352.8561188567264,0.6335079561823581,0.5943596254938815,1.5269881639658323,1.5345856430108995,0.13282638800176816,-0.05467078424044325,4.111656575705707,3.888669177664073
scen08,0,live_000219,219,219,1784644562.097,0,vehicle,scen08#seg0:0:1,1,True,0.7295677331275812,True,31.295700073242188,31.246715545654297,-0.048984527587890625,0.35670000314712524,0.32451680302619934,-0.0321832001209259,0.7663999795913696,0.7685784101486206,0.0021784305572509766,0.16244400405182244,0.19484186017193264,0.03239785612011037,4.002500057220459,3.6894686222076416,-0.3130314350128174,0.6568999886512756,1.0273345708847046,0.37043458223342896,4.056047867461603,3.8298296352174224,0.48498500906794917,0.058610940216246174,0.058651409810209575,140.52021672784724,140.54269203999397,1366.0637799208794,1366.009649498223,0.5640079270952915,0.5661863576525424,1.5455011619677865,1.577899018087897,0.10166227628934599,-0.3206869349377852,4.054773616950704,3.8163798192200185
scen08,0,live_000219,219,219,1784644562.097,1,pedestrian,scen08#seg0:1:4,4,True,0.8068121046259833,True,12.540900230407715,12.669510841369629,0.12861061096191406,10.812800407409668,10.996143341064453,0.18334293365478516,0.4666000008583069,0.4670466184616089,0.00044661760330200195,2.341539000325903,2.155585080681225,-0.18595391964467778,0.0,-0.011417276225984097,-0.011417276225984097,0.0,0.005258107092231512,0.005258107092231512,0.0,0.012569880135219945,0.012569880135219945,0.22395383580805167,0.22395428113885954,126.74748019968209,126.5913625008795,1349.590034708131,1349.7506042715413,0.2642079483622287,0.2646545659655307,-2.5585891489377186,-2.744543068582397,0.0,-0.007296615997020556,0.0,-0.010235295872900826
scen08,0,live_000219,219,219,1784644562.097,1,pedestrian,scen08#seg0:1:5,5,True,0.39730227600256285,True,24.510400772094727,24.91351890563965,0.4031181335449219,14.696200370788574,14.936295509338379,0.2400951385498047,0.5246999859809875,0.48272356390953064,-0.04197642207145691,0.12506399512550048,0.4232123033562945,0.2981483082307941,0.0,-0.0007237874669954181,-0.0007237874669954181,0.0,-0.0028344655875116587,-0.0028344655875116587,0.0,0.0029254168017852525,0.0029254168017852525,0.4692013481949848,0.4710752860827157,125.16628346545343,125.00564438029255,1362.074006647409,1362.5148524134847,0.3223079334849094,0.28033151141345247,1.5081211530414649,1.806269461272259,0.0,0.002649573911638609,0.0,-0.0012400893318352255
scen08,0,live_000219,219,219,1784644562.097,1,pedestrian,scen08#seg0:1:8,8,True,0.17704420124213627,True,25.585899353027344,25.622112274169922,0.036212921142578125,28.713300704956055,29.213598251342773,0.5002975463867188,0.4896000027656555,0.4836771488189697,-0.005922853946685791,-2.607448968325939,-0.4922257248694549,2.1152232434564837,0.0,-0.00923577044159174,-0.00923577044159174,0.0,-0.012763702310621738,-0.012763702310621738,0.0,0.015754731109223995,0.015754731109223995,0.5016064299610299,0.5016413965943435,111.59621095533696,111.11146300255712,1365.7467346588317,1365.8756859397638,0.28720795026957735,0.28128509632289156,-1.2243918104099747,0.8908314330465092,0.0,0.010815679305018326,0.0,-0.011455681275897505
scen08,0,live_000219,219,219,1784644562.097,1,pedestrian,scen08#seg0:1:7,7,False,nan,True,34.387901306152344,nan,nan,23.933399200439453,nan,nan,0.5807999968528748,nan,nan,-1.6036529988498354,nan,nan,0.0,nan,nan,0.0,nan,nan,0.0,nan,nan,nan,nan,117.9349137951275,nan,1373.50196148237,nan,0.3784079443567966,nan,-0.22059584093387086,nan,0.0,nan,0.0,nan
scen08,0,live_000220,220,220,1784644562.207,0,vehicle,scen08#seg0:0:6,6,True,0.86799574941967,True,18.40290069580078,18.345739364624023,-0.05716133117675781,-1.7750999927520752,-1.7743937969207764,0.0007061958312988281,0.8306999802589417,0.7846071124076843,-0.046092867851257324,0.14292499111799692,0.13828699667520394,-0.004637994442792781,4.065499782562256,3.821237325668335,-0.2442624568939209,0.6277999877929688,0.7102217674255371,0.08242177963256836,4.113687069611227,3.88667848657513,0.25779351738485246,0.05716569333482389,0.07343343217639088,140.20482778607905,140.19370095632837,1353.4056287398416,1353.3495563745078,0.6297903497902135,0.5836974819389562,1.5301829357296821,1.5255449412868893,0.1247374877978481,-0.0008801986405209128,4.111795455251207,3.88667838690781
scen08,0,live_000220,220,220,1784644562.207,0,vehicle,scen08#seg0:0:1,1,True,0.7888555525686591,True,31.335500717163086,31.37490463256836,0.03940391540527344,0.2937999963760376,0.28056755661964417,-0.013232439756393433,0.7627999782562256,0.7829997539520264,0.02019977569580078,0.15818399766954452,0.14606241897842387,-0.012121578691120849,4.005199909210205,3.9407799243927,-0.06441998481750488,0.6395999789237976,0.7777618169784546,0.13816183805465698,4.055948032923593,4.0167972137570205,0.15244221180017306,0.04156640483819267,0.046214683265529265,140.53100135498792,140.55120313870157,1366.4986078233237,1366.5349348648485,0.5618903477874975,0.5820901234832982,1.5454419422812293,1.533320363590109,0.10213037919980106,-0.04546817048359486,4.05466198732043,4.016539866840492
scen08,0,live_000220,220,220,1784644562.207,1,pedestrian,scen08#seg0:1:4,4,True,0.8310194524628685,True,12.195300102233887,12.260234832763672,0.06493473052978516,10.759900093078613,10.838153839111328,0.07825374603271484,0.4652000069618225,0.469039648771286,0.003839641809463501,2.3373209805634403,1.9857101029602686,-0.35161087760317145,0.0,-0.0001737286220304668,-0.0001737286220304668,0.0,0.0036053962539881468,0.0036053962539881468,0.0,0.0036095794467478296,0.0036095794467478296,0.1016866166077348,0.1017590823777093,126.74741773163083,126.68232954642949,1349.590049241592,1349.668175396907,0.2642903764930944,0.2681300183025579,-2.558606382004461,-2.9102172596076326,0.0,-0.0035765473871066287,0.0,0.00048720895944667536
scen08,0,live_000220,220,220,1784644562.207,1,pedestrian,scen08#seg0:1:5,5,True,0.41163429255859185,True,24.181100845336914,24.479543685913086,0.2984428405761719,14.593000411987305,14.781846046447754,0.18884563446044922,0.5232999920845032,0.46934038400650024,-0.05395960807800293,0.12094499718304913,0.29335364062649305,0.17240864344344375,0.0,-0.00452306866645813,-0.00452306866645813,0.0,-0.0028457932639867067,-0.0028457932639867067,0.0,0.005343845943030865,0.005343845943030865,0.3531724829965437,0.35727082451534664,125.16622235865945,125.03501726560805,1362.0741150336596,1362.4020113988477,0.32239036161577506,0.2684307535377721,1.5082029417947345,1.6806115852381787,0.0,0.001972491765076944,0.0,-0.004966484239333805
scen08,0,live_000220,220,220,1784644562.207,1,pedestrian,scen08#seg0:1:8,8,True,0.16714973387887877,True,25.315399169921875,25.293851852416992,-0.021547317504882812,28.605300903320312,29.095483779907227,0.49018287658691406,0.48820000886917114,0.45284929871559143,-0.03535071015357971,-2.6116419834408373,-0.5162807356552832,2.0953612477855543,0.0,-0.012892009690403938,-0.012892009690403938,0.0,-0.013791432604193687,-0.013791432604193687,0.0,0.018878758622681888,0.018878758622681888,0.49065623341671516,0.49192805581613297,111.5962920258662,111.11040963779953,1365.7467419561372,1365.81501965643,0.287290378400443,0.2519396682468633,-1.224384038829152,0.8709772089564023,0.0,0.011206876220737474,0.0,-0.015192545952096202
scen08,0,live_000220,220,220,1784644562.207,1,pedestrian,scen08#seg0:1:7,7,False,nan,True,34.097198486328125,nan,nan,23.78849983215332,nan,nan,0.5794000029563904,nan,nan,-1.6079319986578453,nan,nan,0.0,nan,nan,0.0,nan,nan,0.0,nan,nan,nan,nan,117.93495360696741,nan,1373.501929971466,nan,0.37849037248766226,nan,-0.22067405404616025,nan,0.0,nan,0.0,nan
scen08,0,live_000221,221,221,1784644562.315,0,vehicle,scen08#seg0:0:6,6,True,0.861701522444811,True,18.455299377441406,18.38928985595703,-0.066009521484375,-1.78410005569458,-1.7693707942962646,0.01472926139831543,0.8287000060081482,0.7866135239601135,-0.04208648204803467,0.14044399938287888,0.14195566401313317,0.0015116646302542058,4.0671000480651855,3.863410472869873,-0.2036895751953125,0.6155999898910522,0.7211366295814514,0.10553663969039917,4.113425111573772,3.9301372139411,0.229406681159002,0.06763289190871606,0.07965852144695892,140.2187747501383,140.1924919424238,1353.8388204998319,1353.776503390732,0.6292268666995624,0.5871403846515277,1.5316598257151046,1.5331714903453593,0.12075219376713975,-0.019469667902287324,4.1116523510902665,3.930088987852118
scen08,0,live_000221,221,221,1784644562.315,0,vehicle,scen08#seg0:0:1,1,True,0.7622344921356259,True,31.38920021057129,31.378496170043945,-0.01070404052734375,0.23569999635219574,0.23886819183826447,0.0031681954860687256,0.7621999979019165,0.7771917581558228,0.01499176025390625,0.15417600696162514,0.12288058397204385,-0.03129542298958121,4.007999897003174,3.9670867919921875,-0.04091310501098633,0.6233999729156494,0.6352283358573914,0.011828362941741943,4.056191649886465,4.017622761518933,0.04258864087431728,0.0111630616879494,0.01869135687315308,140.54166813062403,140.53663896196306,1366.9254978044926,1366.915531791808,0.5627268585933307,0.577718618847237,1.5453918332938512,1.51409641030427,0.10252136256628752,0.08357544561440022,4.054895815039671,4.016753390334708
scen08,0,live_000221,221,221,1784644562.315,1,pedestrian,scen08#seg0:1:4,4,True,0.8396617404052265,True,11.86870002746582,11.94962215423584,0.08092212677001953,10.711700439453125,10.823933601379395,0.11223316192626953,0.46369999647140503,0.4544677436351776,-0.009232252836227417,2.333426018009654,1.9463945498117368,-0.38703146819791723,0.0,-0.002837185515090823,-0.002837185515090823,0.0,0.00404962757602334,0.00404962757602334,0.0,0.0049446036394770665,0.0049446036394770665,0.13836427731517753,0.13867194283409812,126.74744532453109,126.6514710709597,1349.5901025145567,1349.6897700413062,0.2642268571628192,0.25499460432659177,-2.558543462837706,-2.9455749310356234,0.0,-0.004491273435728092,0.0,-0.0020682282458793174
scen08,0,live_000221,221,221,1784644562.315,1,pedestrian,scen08#seg0:1:5,5,True,0.6404200559896545,True,23.869600296020508,23.032527923583984,-0.8370723724365234,14.497200012207031,13.869622230529785,-0.6275777816772461,0.5217999815940857,0.5095241665840149,-0.0122758150100708,0.11695099793964592,-0.48975280168844193,-0.6067037996280877,0.0,-0.029851499944925308,-0.029851499944925308,0.0,0.002406205516308546,0.002406205516308546,0.0,0.029948320052193066,0.029948320052193066,1.0462045826469328,1.0462766003240274,125.16638430348749,125.63435460583217,1362.0741667693917,1361.1384596438045,0.32232684228549985,0.31005102727542905,1.5081668242718722,0.9014630246437845,0.0,-0.007699491086688793,0.0,-0.028941660473348608
scen08,0,live_000221,221,221,1784644562.315,1,pedestrian,scen08#seg0:1:8,8,True,0.1343319473357507,True,25.059200286865234,24.966907501220703,-0.09229278564453125,28.50510025024414,28.982988357543945,0.4778881072998047,0.48669999837875366,0.4888557195663452,0.0021557211875915527,-2.615550007016827,-0.540074739081848,2.075475267934979,0.0,-0.01914203353226185,-0.01914203353226185,0.0,-0.013613244518637657,-0.013613244518637657,0.0,0.023489101176385085,0.023489101176385085,0.4867186059527795,0.48672337987244424,111.59623177103244,111.10954367610125,1365.746683272135,1365.7412335351798,0.2872268590701678,0.28938258025775937,-1.2243341806846006,0.8511410872503782,0.0,0.00997523651402443,0.0,-0.02126575958116072
scen08,0,live_000221,221,221,1784644562.315,1,pedestrian,scen08#seg0:1:7,7,False,nan,True,33.8218994140625,nan,nan,23.653600692749023,nan,nan,0.5778999924659729,nan,nan,-1.6118929998963967,nan,nan,0.0,nan,nan,0.0,nan,nan,0.0,nan,nan,nan,nan,117.93487854294433,nan,1373.5019073856658,nan,0.37842685315738706,nan,-0.22067717356417038,nan,0.0,nan,0.0,nan
scen08,0,live_000222,222,222,1784644562.401,0,vehicle,scen08#seg0:0:6,6,True,0.8670150518085862,True,18.509899139404297,18.41090965270996,-0.09898948669433594,-1.7905999422073364,-1.7843378782272339,0.006262063980102539,0.8278999924659729,0.7881541848182678,-0.03974580764770508,0.13814799514421677,0.13446497977790997,-0.0036830153663069964,4.067699909210205,3.925874948501587,-0.14182496070861816,0.6075999736785889,0.6796243190765381,0.07202434539794922,4.11282874423467,3.9842669747837665,0.15906547648689887,0.09918735766870196,0.10685439226754968,140.22986648291368,140.2063322033781,1354.2027574276167,1354.1064025128064,0.629596853157387,0.5898510455096819,1.532564408809776,1.52888139344347,0.11557304978323513,0.019780563869395862,4.111204586196938,3.984217872512194
scen08,0,live_000222,222,222,1784644562.401,0,vehicle,scen08#seg0:0:1,1,True,0.765034177856073,True,31.444599151611328,31.444805145263672,0.00020599365234375,0.18880000710487366,0.250238835811615,0.06143882870674133,0.7623999714851379,0.7624872922897339,8.732080459594727e-05,0.15097599618230365,0.15427244872397416,0.003296452541670547,4.01039981842041,3.857079029083252,-0.1533207893371582,0.6107000112533569,0.8404005765914917,0.22970056533813477,4.056631756436774,3.9475728955560925,0.27616953879750744,0.0614391740361238,0.0614392360887082,140.55078676604828,140.49033728447765,1367.2840990536502,1367.2950823265724,0.564096832176552,0.564184152981148,1.5453924098478637,1.5486888623895343,0.10246684415833307,-0.15057270627047958,4.055337440112664,3.944700194673291
scen08,0,live_000222,222,222,1784644562.401,1,pedestrian,scen08#seg0:1:4,4,True,0.8387585840498701,True,11.603099822998047,11.73015308380127,0.12705326080322266,10.673299789428711,10.78325080871582,0.10995101928710938,0.4625000059604645,0.46281611919403076,0.0003161132335662842,2.3302259932785274,1.9838819663756615,-0.3463440269028659,0.0,-0.004043744411319494,-0.004043744411319494,0.0,0.005069820675998926,0.005069820675998926,0.0,0.006484978839661996,0.006484978839661996,0.16802308687500658,0.1680233842373806,126.74742579358757,126.66147425635434,1349.5901154107037,1349.734490238739,0.26419686665187864,0.2645129798854449,-2.5585429002354996,-2.9048869271383655,0.0,-0.005700707095303297,0.0,-0.0030914218677531705
scen08,0,live_000222,222,222,1784644562.401,1,pedestrian,scen08#seg0:1:5,5,True,0.6442317381535219,True,23.615999221801758,22.98281478881836,-0.6331844329833984,14.42039966583252,13.942936897277832,-0.4774627685546875,0.5206000208854675,0.464900404214859,-0.05569961667060852,0.1137500029914272,-0.3614417611918455,-0.4751917641832728,0.0,-0.024103060364723206,-0.024103060364723206,0.0,0.011142430827021599,0.011142430827021599,0.0,0.026553931604951685,0.026553931604951685,0.7930278819363257,0.7949815525065143,125.1663259883241,125.5252782362324,1362.074130504227,1361.3669908396273,0.3222968815768817,0.26659726490627317,1.5081664166569873,1.0329746524737144,0.0,-0.01519884695966182,0.0,-0.02177398297917105
scen08,0,live_000222,222,222,1784644562.401,1,pedestrian,scen08#seg0:1:8,8,True,0.09823025116893369,True,24.850500106811523,24.685270309448242,-0.16522979736328125,28.424400329589844,28.886226654052734,0.4618263244628906,0.4855000078678131,0.5124316215515137,0.02693161368370056,-2.6187500040929392,-0.5683089344485259,2.050441069644413,0.0,-0.02462995983660221,-0.02462995983660221,0.0,-0.013341711834073067,-0.013341711834073067,0.0,0.028011358342930878,0.028011358342930878,0.49049407733795736,0.49123288949257277,111.59620646110163,111.11255286644436,1365.7467158391785,1365.6650847159551,0.28719686855922727,0.31412848224292783,-1.2243335904273795,0.8261074792170335,0.0,0.008812979363594622,0.0,-0.026588862159801774
scen08,0,live_000222,222,222,1784644562.401,1,pedestrian,scen08#seg0:1:7,7,False,nan,True,33.597599029541016,nan,nan,23.5447998046875,nan,nan,0.57669997215271,nan,nan,-1.615094001320722,nan,nan,0.0,nan,nan,0.0,nan,nan,0.0,nan,nan,nan,nan,117.93492721013651,nan,1373.5018986295709,nan,0.3783968328441241,nan,-0.2206775876551621,nan,0.0,nan,0.0,nan
scen08,0,live_000223,223,223,1784644562.489,0,vehicle,scen08#seg0:0:6,6,True,0.8653957816215794,True,18.55940055847168,18.42836570739746,-0.13103485107421875,-1.7998000383377075,-1.79530668258667,0.004493355751037598,0.8255000114440918,0.7875452041625977,-0.03795480728149414,0.1362280032922023,0.13506708778427143,-0.0011609155079308486,4.0680999755859375,3.846376419067383,-0.2217235565185547,0.5964000225067139,0.7028730511665344,0.10647302865982056,4.11158490100938,3.910069319489589,0.24596308940007988,0.13111186995061916,0.1364950176296682,140.24084229648014,140.21385510845576,1354.5737578764283,1354.4454534956594,0.6282687378666231,0.5903139305851289,1.5339870429230533,1.532826127415123,0.11293178717724461,-0.03012648070427426,4.110033675002343,3.9099532578247214
scen08,0,live_000223,223,223,1784644562.489,0,vehicle,scen08#seg0:0:1,1,True,0.7819341307801615,True,31.495399475097656,31.264997482299805,-0.23040199279785156,0.13729999959468842,0.1537986695766449,0.016498669981956482,0.7616000175476074,0.7723500728607178,0.010750055313110352,0.14763999666095579,0.1594939368350259,0.011853940174070043,4.013000011444092,3.5004072189331055,-0.5125927925109863,0.597599983215332,0.5763330459594727,-0.021266937255859375,4.057252128200717,3.5475358318449612,0.5130337742824109,0.2309919574279476,0.23124196869433042,140.5599266949704,140.5040049312912,1367.6500956540535,1367.425975059856,0.5643687439701387,0.575118799283249,1.5453990362918075,1.5572529764658771,0.10226290616593381,0.03495655183062585,4.055963156860741,3.5473636010011766
scen08,0,live_000223,223,223,1784644562.489,1,pedestrian,scen08#seg0:1:4,4,True,0.7922979336387712,True,11.326899528503418,11.152421951293945,-0.17447757720947266,10.633999824523926,10.497917175292969,-0.13608264923095703,0.46149998903274536,0.47275710105895996,0.0112571120262146,2.3268319986111403,2.0586538465516955,-0.26817815205944484,0.0,0.007829146459698677,0.007829146459698677,0.0,0.0013392267283052206,0.0013392267283052206,0.0,0.00794286236297844,0.00794286236297844,0.22127112864222295,0.22155729494145285,126.74746788965888,126.85147764171631,1349.5900547055392,1349.39475267317,0.26426871545527664,0.27552582748149124,-2.5585942689375942,-2.826772420997039,0.0,2.875661772716565e-05,0.0,0.007942810307073708
scen08,0,live_000223,223,223,1784644562.489,1,pedestrian,scen08#seg0:1:5,5,True,0.6496194754201667,True,23.3523006439209,22.477275848388672,-0.8750247955322266,14.340999603271484,13.683944702148438,-0.6570549011230469,0.519599974155426,0.4847908914089203,-0.03480908274650574,0.11044100225592937,-0.5933247494970484,-0.7037657517529778,0.0,-0.03629055991768837,-0.03629055991768837,0.0,0.0085670854896307,0.0085670854896307,0.0,0.03728806367895725,0.03728806367895725,1.0942529579060007,1.0948064706274279,125.16630134341771,125.66288657357255,1362.0741258243436,1361.0990398562985,0.3223687005779573,0.28755961783145156,1.5082000418867807,0.8044342901338029,0.0,-0.014687477396601627,0.0,-0.034273571460387474
scen08,0,live_000223,223,223,1784644562.489,1,pedestrian,scen08#seg0:1:8,8,False,nan,True,24.63360023498535,nan,nan,28.340700149536133,nan,nan,0.484499990940094,nan,nan,-2.622121005020462,nan,nan,0.0,nan,nan,0.0,nan,nan,0.0,nan,nan,nan,nan,111.59627504187719,nan,1365.7466903510256,nan,0.28726871736262527,nan,-1.2243619653896107,nan,0.0,nan,0.0,nan
scen08,0,live_000223,223,223,1784644562.489,1,pedestrian,scen08#seg0:1:7,7,False,nan,True,33.36439895629883,nan,nan,23.43199920654297,nan,nan,0.5756999850273132,nan,nan,-1.6183860000707302,nan,nan,0.0,nan,nan,0.0,nan,nan,0.0,nan,nan,nan,nan,117.93489710694077,nan,1373.5019506030171,nan,0.3784687114498445,nan,-0.22062696043987895,nan,0.0,nan,0.0,nan
scen08,0,live_000224,224,224,1784644562.587,0,vehicle,scen08#seg0:0:6,6,True,0.8716793646914986,True,18.606199264526367,18.525440216064453,-0.08075904846191406,-1.8122999668121338,-1.8371375799179077,-0.024837613105773926,0.8246999979019165,0.7838432788848877,-0.04085671901702881,0.13350100037666707,0.11918121421868767,-0.014319786157979575,4.0690999031066895,3.8632171154022217,-0.20588278770446777,0.5827000141143799,0.6256793737411499,0.04297935962677002,4.11060984866136,3.913556075931681,0.21032105844848292,0.08449219451088898,0.09385202407035417,140.2524020000133,140.26327717656596,1354.9793968966526,1354.8956075090891,0.6284991962342591,0.5876424772172303,1.5349967749500601,1.520676988792081,0.1112455462123878,0.03419087176197011,4.109104252310919,3.9134067184168244
scen08,0,live_000224,224,224,1784644562.587,0,vehicle,scen08#seg0:0:1,1,True,0.7917016472492833,True,31.54400062561035,31.24334716796875,-0.30065345764160156,0.07699999958276749,0.11853692680597305,0.041536927223205566,0.7616000175476074,0.7654651403427124,0.0038651227951049805,0.14389600094047195,0.15461573581122948,0.010719734870757502,4.0157999992370605,3.5578877925872803,-0.4579122066497803,0.5830000042915344,0.5634015798568726,-0.019598424434661865,4.057898303170781,3.6022197163452994,0.4583314163781403,0.3035091727032252,0.30353378245134005,140.57004184260254,140.47844078884182,1368.0505584116934,1367.761202117715,0.56539921587995,0.569264338675055,1.545391775513865,1.556111510384623,0.1019691873901275,0.04413243522766275,4.056616930854983,3.601949362912767
scen08,0,live_000224,224,224,1784644562.587,1,pedestrian,scen08#seg0:1:4,4,True,0.7702994175900812,True,11.018400192260742,11.116377830505371,0.0979776382446289,10.59160041809082,10.703452110290527,0.11185169219970703,0.46050000190734863,0.44753092527389526,-0.01296907663345337,2.3230840301410605,2.315547878007129,-0.007536152133931662,0.0,0.009763414971530437,0.009763414971530437,0.0,-0.004116051830351353,-0.004116051830351353,0.0,0.010595572404379265,0.010595572404379265,0.14869572503583744,0.14926022776566356,126.7473513210556,126.6536073287381,1349.5900513261352,1349.7054743851324,0.2642992002396912,0.25133012360623785,-2.5586055024651326,-2.5661416545990647,0.0,0.00570227058020674,0.0,0.008930300376054107
scen08,0,live_000224,224,224,1784644562.587,1,pedestrian,scen08#seg0:1:5,5,True,0.6903698904692206,True,23.057600021362305,22.213603973388672,-0.8439960479736328,14.253600120544434,13.629295349121094,-0.6243047714233398,0.5185999870300293,0.4637592136859894,-0.05484077334403992,0.10670899896594058,-0.6272233620950738,-0.7339323610610142,0.0,-0.03729245439171791,-0.03729245439171791,0.0,0.014925515279173851,0.014925515279173851,0.0,0.04016837264449747,0.04016837264449747,1.049802732239281,1.0512341732639934,125.16622794743074,125.63939956843438,1362.0741461360597,1361.1370258696618,0.3223991853623719,0.26755841201833197,1.508204773539334,0.7742724124783193,0.0,-0.020995638477706184,0.0,-0.03424443496132877
scen08,0,live_000224,224,224,1784644562.587,1,pedestrian,scen08#seg0:1:8,8,False,nan,True,24.391199111938477,nan,nan,28.248300552368164,nan,nan,0.48339998722076416,nan,nan,-2.6258160078629484,nan,nan,0.0,nan,nan,0.0,nan,nan,0.0,nan,nan,nan,nan,111.5963137416133,nan,1365.7466868312226,nan,0.28719918555310675,nan,-1.2243202332895553,nan,0.0,nan,0.0,nan
scen08,0,live_000224,224,224,1784644562.587,1,pedestrian,scen08#seg0:1:7,7,False,nan,True,33.103599548339844,nan,nan,23.30699920654297,nan,nan,0.5746999979019165,nan,nan,-1.62210400124372,nan,nan,0.0,nan,nan,0.0,nan,nan,0.0,nan,nan,nan,nan,117.9349465976559,nan,1373.5019504547724,nan,0.3784991962342591,nan,-0.22060822667032687,nan,0.0,nan,0.0,nan
scen08,0,live_000225,225,225,1784644562.69,0,vehicle,scen08#seg0:0:6,6,True,0.864202028941051,True,18.613500595092773,18.55324935913086,-0.06025123596191406,-1.8324999809265137,-1.8337937593460083,-0.001293778419494629,0.8215000033378601,0.7837823629379272,-0.03771764039993286,0.13154801023069737,0.1253301375734385,-0.006217872657258816,4.069200038909912,3.911543846130371,-0.15765619277954102,0.572700023651123,0.6472793817520142,0.07457935810089111,4.1093033805931665,3.9647378044760595,0.1744062951171223,0.060265125052031514,0.07109504690817528,140.26324109447523,140.254596093664,1355.3620816270948,1355.3024397855866,0.6260807676587528,0.5883631272588199,1.5369285065812806,1.5307106339240217,0.10516199907655599,0.005640588755463138,4.107957549403919,3.9647337920723174
scen08,0,live_000225,225,225,1784644562.69,0,vehicle,scen08#seg0:0:1,1,True,0.7822835163029467,True,31.55389976501465,31.2560977935791,-0.2978019714355469,0.0071000000461936,0.028941381722688675,0.021841381676495075,0.7598999738693237,0.7707322239875793,0.010832250118255615,0.13993400063798228,0.1495193438702979,0.009585343232315413,4.019700050354004,3.4824695587158203,-0.5372304916381836,0.567300021648407,0.5377004146575928,-0.02959960699081421,4.059534186255643,3.5237360802570485,0.5380452935207362,0.2986018421651759,0.29879825599735527,140.57955018300487,140.50897011987584,1368.4287570775462,1368.1386165687695,0.5644807381902164,0.575312988308472,1.5453144969885653,1.5548998402208811,0.10233749904039269,0.04307135488315417,4.058244059401606,3.5234728353846916
scen08,0,live_000225,225,225,1784644562.69,1,pedestrian,scen08#seg0:1:4,4,True,0.825000618807934,True,10.69480037689209,10.675657272338867,-0.019143104553222656,10.548399925231934,10.550675392150879,0.0022754669189453125,0.45969998836517334,0.44704529643058777,-0.012654691934585571,2.3191649960504117,1.765339693308149,-0.5538253027422626,0.0,-0.006874258164316416,-0.006874258164316416,0.0,0.004867241717875004,0.004867241717875004,0.0,0.008422913228206362,0.008422913228206362,0.019277868181799263,0.023060299859153904,126.74742788531944,126.7420313271495,1349.5901418381457,1349.5716347216346,0.26428075268606604,0.2516260607514805,-2.5586398147785916,-3.1124651175208538,0.0,-0.0059327362492378475,0.0,-0.005978972139663553
scen08,0,live_000225,225,225,1784644562.69,1,pedestrian,scen08#seg0:1:5,5,True,0.7042026920010471,True,22.74799919128418,21.972389221191406,-0.7756099700927734,14.163599967956543,13.609519004821777,-0.5540809631347656,0.517799973487854,0.5121127963066101,-0.0056871771812438965,0.10275799842332736,-0.5927904163310544,-0.6955484147543816,0.0,-0.03807782754302025,-0.03807782754302025,0.0,0.0185845997184515,0.0185845997184515,0.0,0.04237107854528911,0.04237107854528911,0.9531928133466294,0.9532097793245479,125.16628527992805,125.58508914434945,1362.07410198986,1361.2178427635965,0.3223807378087467,0.3166935606275028,1.5081384947739105,0.8125900800195285,0.0,-0.024600909616234228,0.0,-0.034497877371585245
scen08,0,live_000225,225,225,1784644562.69,1,pedestrian,scen08#seg0:1:8,8,False,nan,True,24.13599967956543,nan,nan,28.153099060058594,nan,nan,0.48260000348091125,nan,nan,-2.629739992149492,nan,nan,0.0,nan,nan,0.0,nan,nan,0.0,nan,nan,nan,nan,111.59629491466494,nan,1365.7467021164814,nan,0.28718076780180396,nan,-1.2243594957989092,nan,0.0,nan,0.0,nan
scen08,0,live_000225,225,225,1784644562.69,1,pedestrian,scen08#seg0:1:7,7,False,nan,True,32.829200744628906,nan,nan,23.17799949645996,nan,nan,0.5738999843597412,nan,nan,-1.6260389990082433,nan,nan,0.0,nan,nan,0.0,nan,nan,0.0,nan,nan,nan,nan,117.93492843127817,nan,1373.502028387336,nan,0.3784807486806339,nan,-0.22065850265766063,nan,0.0,nan,0.0,nan
scen08,0,live_000226,226,226,1784644562.819,0,vehicle,scen08#seg0:0:6,6,True,0.8579062979168519,True,18.697999954223633,18.618501663208008,-0.079498291015625,-1.8460999727249146,-1.8254923820495605,0.020607590675354004,0.8209999799728394,0.7808101177215576,-0.04018986225128174,0.12824299253356053,0.11608932686481127,-0.012153665668749092,4.072500228881836,3.9256999492645264,-0.14680027961730957,0.5544999837875366,0.5943323373794556,0.039832353591918945,4.110076440440371,3.9704346133528547,0.15210831170055084,0.08212582460985059,0.0914323580338216,140.2769944122563,140.243916962057,1355.8863300701066,1355.8111600404661,0.626436291742914,0.5862464294916323,1.5381408768797673,1.5259872112110182,0.1050974218974009,0.042261398262738226,4.108732514799851,3.970209691329579
scen08,0,live_000226,226,226,1784644562.819,0,vehicle,scen08#seg0:0:1,1,True,0.7837135774853223,True,31.640399932861328,31.390945434570312,-0.24945449829101562,-0.06530000269412994,-0.0206329096108675,0.044667093083262444,0.7599999904632568,0.7656055688858032,0.005605578422546387,0.13541199370409485,0.17117036538616812,0.035758371682073076,4.023499965667725,3.4107275009155273,-0.6127724647521973,0.5491999983787537,0.6487011313438416,0.09950113296508789,4.060809354297171,3.471869128194244,0.620798332004701,0.25342197205872097,0.25348396089611364,140.59263430618662,140.5085802594791,1368.9468559859213,1368.7077794016343,0.5654363022333315,0.5710418806558779,1.5453098780503023,1.5810682497323754,0.1024788588384582,-0.09390637185494577,4.0595160666560455,3.4705989161286412
scen08,0,live_000226,226,226,1784644562.819,1,pedestrian,scen08#seg0:1:4,4,True,0.8344437147561834,True,10.315500259399414,10.46753978729248,0.1520395278930664,10.5,10.659531593322754,0.1595315933227539,0.45879998803138733,0.43808698654174805,-0.020713001489639282,2.3147239720664055,1.9690276727508462,-0.34569629931555923,0.0,-0.0017559712287038565,-0.0017559712287038565,0.0,0.005085883662104607,0.005085883662104607,0.0,0.005380487671252328,0.005380487671252328,0.22037773778229747,0.22134899082840395,126.74744051583824,126.61432698213486,1349.5900091575288,1349.7656426806814,0.264236299801462,0.24352329831182273,-2.5585634507669734,-2.9042597500825327,0.0,-0.005301508662782935,0.0,-0.0009185061126284311
scen08,0,live_000226,226,226,1784644562.819,1,pedestrian,scen08#seg0:1:5,5,True,0.4194220300901357,True,22.385000228881836,21.773880004882812,-0.6111202239990234,14.060700416564941,13.548095703125,-0.5126047134399414,0.5169000029563904,0.5060225129127502,-0.010877490043640137,0.0982599989195178,-0.5422290399986258,-0.6404890389181435,0.0,-0.020654814317822456,-0.020654814317822456,0.0,0.010901345871388912,0.010901345871388912,0.0,0.023355100006451943,0.023355100006451943,0.7976412228699449,0.7977153879743768,125.16632656703806,125.57440576600787,1362.0740588070125,1361.388710072579,0.32233631472646507,0.31145882468282493,1.5081578832657243,0.8676688443475813,0.0,-0.014069548107985146,0.0,-0.018641580199877456
scen08,0,live_000226,226,226,1784644562.819,1,pedestrian,scen08#seg0:1:8,8,False,nan,True,23.836200714111328,nan,nan,28.043899536132812,nan,nan,0.48170000314712524,nan,nan,-2.6342739815475427,nan,nan,0.0,nan,nan,0.0,nan,nan,0.0,nan,nan,nan,nan,111.59622772114135,nan,1365.746695159608,nan,0.28713631491719993,nan,-1.2243760972013358,nan,0.0,nan,0.0,nan
scen08,0,live_000226,226,226,1784644562.819,1,pedestrian,scen08#seg0:1:7,7,False,nan,True,32.50680160522461,nan,nan,23.029499053955078,nan,nan,0.5730000138282776,nan,nan,-1.6305380029035428,nan,nan,0.0,nan,nan,0.0,nan,nan,0.0,nan,nan,nan,nan,117.93493549825288,nan,1373.5019717971643,nan,0.3784363255983523,nan,-0.2206401185573359,nan,0.0,nan,0.0,nan
scen08,0,live_000227,227,227,1784644562.895,0,vehicle,scen08#seg0:0:6,6,True,0.8581328505306907,True,18.739099502563477,18.65030288696289,-0.08879661560058594,-1.858299970626831,-1.8481485843658447,0.010151386260986328,0.8173999786376953,0.794487476348877,-0.02291250228881836,0.12670000439190404,0.09941304030648979,-0.02728696408541431,4.0559000968933105,3.895128011703491,-0.16077208518981934,0.5436000227928162,0.4973199665546417,-0.04628005623817444,4.092166489863226,3.9267479390318782,0.16730064847958934,0.08937499418258982,0.09226522826218483,140.28595055769927,140.26195361720835,1356.2114567490532,1356.125363564467,0.6234567600093495,0.6005442577205311,1.5394912673342027,1.5122043032487884,0.10136105685065633,0.1217673732166446,4.090910964188005,3.924859498569474
scen08,0,live_000227,227,227,1784644562.895,0,vehicle,scen08#seg0:0:1,1,True,0.7759524776830204,True,31.682300567626953,31.39606285095215,-0.2862377166748047,-0.11469999700784683,-0.09717230498790741,0.017527692019939423,0.7574999928474426,0.7982859015464783,0.040785908699035645,0.13254199748111406,0.1566607158352869,0.024118718354172675,4.0269999504089355,3.463326930999756,-0.5636730194091797,0.5378000140190125,0.56423020362854,0.026430189609527588,4.062752448239053,3.508986912724938,0.5642923247153527,0.28677386637340513,0.2896596982377039,140.60066278827705,140.53831437921588,1369.2677790065113,1368.987864865528,0.5635567742190968,0.6043426829181324,1.545333260423413,1.569451978777586,0.10254142294046453,-0.012252597456881231,4.061458200234709,3.5089655209948205
scen08,0,live_000227,227,227,1784644562.895,1,pedestrian,scen08#seg0:1:4,4,True,0.8442845388410731,True,10.069899559020996,10.127246856689453,0.05734729766845703,10.469799995422363,10.583492279052734,0.1136922836303711,0.45820000767707825,0.44502198696136475,-0.013178020715713501,2.3118199926247844,1.8340993705467485,-0.4777206220780359,0.0,0.0023524067364633083,0.0023524067364633083,0.0,0.004054357297718525,0.004054357297718525,0.0,0.0046873905908641125,0.0046873905908641125,0.12733675002513362,0.12801682755383034,126.74733485592975,126.64408232777922,1349.590054985543,1349.6645772193897,0.26425678904873245,0.25107876833301895,-2.558574051612503,-3.0362946736905387,0.0,-0.003633705250660215,0.0,0.0029610499324810103
scen08,0,live_000227,227,227,1784644562.895,1,pedestrian,scen08#seg0:1:5,5,True,0.7013243153347339,True,22.149700164794922,21.831809997558594,-0.3178901672363281,13.995499610900879,13.695196151733398,-0.30030345916748047,0.5163000226020813,0.48014479875564575,-0.03615522384643555,0.09541300363430835,-0.7440449961964353,-0.8394579998307439,0.0,-0.01037820614874363,-0.01037820614874363,0.0,0.017790138721466064,0.017790138721466064,0.0,0.020596023854007023,0.020596023854007023,0.43730575803834926,0.4387978193027868,125.1662920840382,125.41283518708737,1362.0741426257068,1361.71296008965,0.3223568039737355,0.28620158012729996,1.508204266576607,0.6687462667458637,0.0,-0.019201524103333572,0.0,-0.007449675879118914
scen08,0,live_000227,227,227,1784644562.895,1,pedestrian,scen08#seg0:1:8,8,False,nan,True,23.641199111938477,nan,nan,27.974300384521484,nan,nan,0.4812000095844269,nan,nan,-2.6370830236600393,nan,nan,0.0,nan,nan,0.0,nan,nan,0.0,nan,nan,nan,nan,111.59630818384338,nan,1365.746604623653,nan,0.2872567909560811,nan,-1.2242917607177404,nan,0.0,nan,0.0,nan
scen08,0,live_000227,227,227,1784644562.895,1,pedestrian,scen08#seg0:1:7,7,False,nan,True,32.297298431396484,nan,nan,22.934900283813477,nan,nan,0.5723999738693237,nan,nan,-1.6334679966687053,nan,nan,0.0,nan,nan,0.0,nan,nan,0.0,nan,nan,nan,nan,117.9349569105417,nan,1373.5019344762682,nan,0.37845675524097794,nan,-0.2206767337264064,nan,0.0,nan,0.0,nan
scen08,0,live_000228,228,228,1784644563.011,0,vehicle,scen08#seg0:0:6,6,True,0.8540900494861603,True,18.76289939880371,18.59832000732422,-0.1645793914794922,-1.8823000192642212,-1.8447295427322388,0.03757047653198242,0.8158000111579895,0.7751917243003845,-0.04060828685760498,0.12325500513072409,0.10939642553066947,-0.013858579600054544,4.031799793243408,3.899409055709839,-0.13239073753356934,0.5245000123977661,0.5760316252708435,0.05153161287307739,4.06577296904326,3.9417259439316767,0.14206623282815364,0.16881326016222833,0.1736287699896239,140.29769787977122,140.23539141912292,1356.6727734442698,1356.515879143009,0.622806587677139,0.582198300819534,1.5404627810013434,1.5266042014012893,0.09848074444012112,0.027301886397580355,4.0645800987036,3.9416313911961884
scen08,0,live_000228,228,228,1784644563.011,0,vehicle,scen08#seg0:0:1,1,True,0.7568491084613704,True,31.710899353027344,31.21575355529785,-0.4951457977294922,-0.19619999825954437,-0.1650005728006363,0.03119942545890808,0.7566999793052673,0.7863555550575256,0.0296555757522583,0.1280930088566667,0.18030717041528094,0.05221416155861425,4.0304999351501465,3.4037818908691406,-0.6267180442810059,0.5200999975204468,0.6301940679550171,0.11009407043457031,4.063918519688369,3.46162905636846,0.6363145537957315,0.49612777100071825,0.49701329794215676,140.61230106133658,140.50571881474897,1369.7263040369314,1369.2417599317455,0.5637065558244169,0.5933621315766752,1.545300784727286,1.5975149462859006,0.10263010497182412,-0.10204670917130276,4.062622403844538,3.4601245921269514
scen08,0,live_000228,228,228,1784644563.011,1,pedestrian,scen08#seg0:1:4,4,True,0.8405779117268821,True,9.690600395202637,9.71635627746582,0.025755882263183594,10.42490005493164,10.52762508392334,0.10272502899169922,0.45719999074935913,0.4410581588745117,-0.016141831874847412,2.307380985008121,1.8214242327357406,-0.4859567522723802,0.0,-0.00035939080407842994,-0.00035939080407842994,0.0,0.0007479469059035182,0.0007479469059035182,0.0,0.0008298110171037661,0.0008298110171037661,0.10590466020199688,0.10712775452130162,126.74744321797752,126.64986769660581,1349.590091644445,1349.6312597714555,0.26420656726850866,0.24806473539366125,-2.558596546300846,-3.044553298573226,0.0,-0.0007941239610523062,0.0,-0.00024073524583945345
scen08,0,live_000228,228,228,1784644563.011,1,pedestrian,scen08#seg0:1:5,5,True,0.7102044237292056,True,21.78569984436035,21.36240577697754,-0.4232940673828125,13.89739990234375,13.509424209594727,-0.38797569274902344,0.5152999758720398,0.4919380843639374,-0.023361891508102417,0.09097400340946486,-0.6609228539540117,-0.7518968573634766,0.0,-0.033222880214452744,-0.033222880214452744,0.0,-0.003437548875808716,-0.003437548875808716,0.0,0.033400247184975286,0.033400247184975286,0.5741977060608738,0.5746727622050709,125.16619393451123,125.48484473067725,1362.0740548204092,1361.59638895838,0.3223065523911893,0.2989446608830869,1.5081817792800845,0.7562849219166079,0.0,-0.0016855326330055855,0.0,-0.03335769014426093
scen08,0,live_000228,228,228,1784644563.011,1,pedestrian,scen08#seg0:1:8,8,False,nan,True,23.339099884033203,nan,nan,27.869400024414062,nan,nan,0.48019999265670776,nan,nan,-2.6415590042160293,nan,nan,0.0,nan,nan,0.0,nan,nan,0.0,nan,nan,nan,nan,111.59631351801481,nan,1365.7466812071218,nan,0.2872065691758573,nan,-1.2243512283454099,nan,0.0,nan,0.0,nan
scen08,0,live_000228,228,228,1784644563.011,1,pedestrian,scen08#seg0:1:7,7,False,nan,True,31.97279930114746,nan,nan,22.791799545288086,nan,nan,0.571399986743927,nan,nan,-1.6378910037763532,nan,nan,0.0,nan,nan,0.0,nan,nan,0.0,nan,nan,nan,nan,117.93497286425962,nan,1373.5019497352232,nan,0.37840656326307653,nan,-0.22068322790573358,nan,0.0,nan,0.0,nan
scen08,0,live_000229,229,229,1784644563.113,0,vehicle,scen08#seg0:0:6,6,True,0.8624265489540122,True,18.79669952392578,18.590084075927734,-0.20661544799804688,-1.902400016784668,-1.8620117902755737,0.04038822650909424,0.8130000233650208,0.7898305654525757,-0.02316945791244507,0.1204819971099234,0.10703415036614121,-0.013447846743781966,4.010200023651123,3.896869421005249,-0.11333060264587402,0.5083000063896179,0.554699182510376,0.04639917612075806,4.042285631445056,3.936150717064003,0.12246105111733327,0.21052589435027586,0.2117970159656176,140.30832897465882,140.23756841398185,1357.0896537726553,1356.8913759492743,0.6207950675360783,0.5976256096236332,1.541532404553311,1.5280845578095281,0.09565768130872654,0.03287031636516069,4.041153639023613,3.936013466662115
scen08,0,live_000229,229,229,1784644563.113,0,vehicle,scen08#seg0:0:1,1,True,0.7244365021201205,True,31.750999450683594,31.722196578979492,-0.028802871704101562,-0.26579999923706055,-0.26701274514198303,-0.0012127459049224854,0.753600001335144,0.7777414917945862,0.02414149045944214,0.12421499981804951,0.09426013318590253,-0.02995486663214697,4.033999919891357,3.8444228172302246,-0.1895771026611328,0.504800021648407,0.5341139435768127,0.02931392192840576,4.065461648514189,3.881348284084224,0.19183009115416266,0.02882839175245197,0.03760169853392498,140.62265597124232,140.61955813418422,1370.143141611124,1370.1144801461126,0.5613950455062016,0.5855365359656437,1.5452654072614367,1.5153105406292902,0.10266913051618293,0.04540083997029032,4.064165039116738,3.8810827440410938
scen08,0,live_000229,229,229,1784644563.113,1,pedestrian,scen08#seg0:1:4,4,True,0.8457068091031985,True,9.35789966583252,9.50789737701416,0.14999771118164062,10.387900352478027,10.564170837402344,0.1762704849243164,0.4564000070095062,0.45373037457466125,-0.0026696324348449707,2.3035149748146964,1.722370444544035,-0.5811445302706613,0.0,0.0010554548352956772,0.0010554548352956772,0.0,-0.0008957217214629054,-0.0008957217214629054,0.0,0.0013843057146633094,0.0013843057146633094,0.23145322900142165,0.23146862455313832,126.74742387700617,126.59550372591829,1349.5900351916673,1349.7646515279837,0.26419505118056374,0.2615254187457188,-2.5586199249215023,-3.1397644551921635,0.0,0.0010431577484606488,0.0,0.0009100133095048695
scen08,0,live_000229,229,229,1784644563.113,1,pedestrian,scen08#seg0:1:5,5,True,0.7000081651172998,True,21.466400146484375,21.356990814208984,-0.10940933227539062,13.813899993896484,13.613077163696289,-0.2008228302001953,0.5145000219345093,0.5271901488304138,0.012690126895904541,0.08711699661600628,-0.46937929473668255,-0.5564962913526887,0.0,-0.0329926460981369,-0.0329926460981369,0.0,-0.0030705477111041546,-0.0030705477111041546,0.0,0.033135222344252875,0.033135222344252875,0.22869239409863046,0.2290442106650973,125.16619419599576,125.34844718186791,1362.074143895489,1361.9359988258727,0.3222950661055668,0.33498519300147134,1.5081674040593942,0.9516711127067046,0.0,-0.0018858853372006614,0.0,-0.03308151139682113
scen08,0,live_000229,229,229,1784644563.113,1,pedestrian,scen08#seg0:1:8,8,False,nan,True,23.073400497436523,nan,nan,27.77989959716797,nan,nan,0.47940000891685486,nan,nan,-2.6453990056265226,nan,nan,0.0,nan,nan,0.0,nan,nan,0.0,nan,nan,nan,nan,111.59623128055316,nan,1365.7467045171877,nan,0.2871950530879124,nan,-1.2243485981831352,nan,0.0,nan,0.0,nan
scen08,0,live_000229,229,229,1784644563.113,1,pedestrian,scen08#seg0:1:7,7,False,nan,True,31.6875,nan,nan,22.669099807739258,nan,nan,0.5706999897956848,nan,nan,-1.6416489981605182,nan,nan,0.0,nan,nan,0.0,nan,nan,0.0,nan,nan,nan,nan,117.93494698958715,nan,1373.5019393871148,nan,0.37849503396674233,nan,-0.22059859071713106,nan,0.0,nan,0.0,nan
scen08,0,live_000230,230,230,1784644563.176,0,vehicle,scen08#seg0:0:6,6,True,0.8700498053465004,True,18.837200164794922,18.6275577545166,-0.2096424102783203,-1.9117000102996826,-1.8854866027832031,0.026213407516479492,0.8134999871253967,0.7857146859169006,-0.027785301208496094,0.11855299547291126,0.09862394047246452,-0.019929055000446727,4.006499767303467,3.8518593311309814,-0.15464043617248535,0.5002999901771545,0.5020043849945068,0.001704394817352295,4.0376156906736425,3.8844341556235094,0.15464982852014397,0.21127489893721071,0.21309412447126613,140.31461002613298,140.25785429062407,1357.3468537529488,1357.1433448602495,0.6215358322988729,0.5937505310903768,1.5417672036238779,1.5218381486234307,0.09428215374437393,0.06985687944375363,4.036514751745535,3.8838059588204077
scen08,0,live_000230,230,230,1784644563.176,0,vehicle,scen08#seg0:0:1,1,True,0.7405804885623013,True,31.796300888061523,31.730663299560547,-0.06563758850097656,-0.30320000648498535,-0.2642175555229187,0.03898245096206665,0.7541000247001648,0.7839228510856628,0.029822826385498047,0.12207599740140533,0.12297066096726626,0.000894663565861098,4.035399913787842,3.7386269569396973,-0.29677295684814453,0.4961000084877014,0.4938220977783203,-0.0022779107093811035,4.0657800829140305,3.7710995462080237,0.2967816988858824,0.07634084429211838,0.08195929160780381,140.62919165809944,140.58098115714236,1370.4016077611586,1370.3424159365145,0.562135869873641,0.591958696259139,1.545290205552372,1.5461848691182327,0.10268615846056195,0.06129974402508276,4.0644831449375,3.7706012953894796
scen08,0,live_000230,230,230,1784644563.176,1,pedestrian,scen08#seg0:1:4,4,True,0.8430920603468905,True,9.1697998046875,9.227302551269531,0.05750274658203125,10.367400169372559,10.481932640075684,0.114532470703125,0.4562000036239624,0.44106146693229675,-0.01513853669166565,2.3014120141915444,1.888088219928077,-0.41332379426346755,0.0,-0.028534362092614174,-0.028534362092614174,0.0,-0.003115464001893997,-0.003115464001893997,0.0,0.02870393589700747,0.02870393589700747,0.12815714069001186,0.12904816156383012,126.74742776971883,126.64259592744699,1349.5901471988582,1349.6638665148869,0.26423584879743856,0.24909731210577293,-2.558559084837075,-2.9718828791005425,0.0,-0.0011142940113808117,0.0,-0.028682299155327752
scen08,0,live_000230,230,230,1784644563.176,1,pedestrian,scen08#seg0:1:5,5,True,0.7207239659436837,True,21.285600662231445,20.56890296936035,-0.7166976928710938,13.76710033416748,13.2239990234375,-0.5431013107299805,0.5142999887466431,0.5368577241897583,0.022557735443115234,0.08497999816788546,-0.34478483221339096,-0.4297648303812762,0.0,-0.025024263188242912,-0.025024263188242912,0.0,-0.0039288862608373165,-0.0039288862608373165,0.0,0.025330809212598115,0.025330809212598115,0.8992300132242982,0.8995129060284199,125.1662757749558,125.59808508699528,1362.0741589739098,1361.2853907349959,0.3223358339201192,0.34489356936323445,1.5081942063188523,1.078429375937576,0.0,0.00020643534701018538,0.0,-0.02532996801838783
scen08,0,live_000230,230,230,1784644563.176,1,pedestrian,scen08#seg0:1:8,8,False,nan,True,22.922800064086914,nan,nan,27.72960090637207,nan,nan,0.47909998893737793,nan,nan,-2.647564012172987,nan,nan,0.0,nan,nan,0.0,nan,nan,0.0,nan,nan,nan,nan,111.59629961766521,nan,1365.7467045761882,nan,0.2871358341108541,nan,-1.2243498040220204,nan,0.0,nan,0.0,nan
scen08,0,live_000230,230,230,1784644563.176,1,pedestrian,scen08#seg0:1:7,7,False,nan,True,31.525800704956055,nan,nan,22.600200653076172,nan,nan,0.5703999996185303,nan,nan,-1.6438769992936322,nan,nan,0.0,nan,nan,0.0,nan,nan,0.0,nan,nan,nan,nan,117.93498593184307,nan,1373.5019236443875,nan,0.3784358447920064,nan,-0.22066279114266552,nan,0.0,nan,0.0,nan
scen08,0,live_000231,231,231,1784644563.306,0,vehicle,scen08#seg0:0:6,6,True,0.8745653780931661,True,18.898000717163086,18.53192710876465,-0.3660736083984375,-1.9371999502182007,-1.888776183128357,0.04842376708984375,0.8136000037193298,0.7845966219902039,-0.029003381729125977,0.11444800259356662,0.10910897342213217,-0.005339029171434362,3.998300075531006,3.825263261795044,-0.17303681373596191,0.4810999929904938,0.5261678695678711,0.04506787657737732,4.027140511237062,3.8612810890952307,0.17880954227078513,0.3692624378203448,0.37039970860780846,140.32795924615309,140.2279702153738,1357.9085726608896,1357.553105444808,0.6223034725181213,0.5933000907889954,1.5425559511528908,1.5372169219814564,0.09236628658147233,0.023149777375953695,4.0260811177061315,3.8612116928254396
scen08,0,live_000231,231,231,1784644563.306,0,vehicle,scen08#seg0:0:1,1,True,0.722290885097685,True,31.868999481201172,31.391300201416016,-0.47769927978515625,-0.39250001311302185,-0.3770001530647278,0.015499860048294067,0.7530999779701233,0.7883661985397339,0.035266220569610596,0.11716399743130303,0.1400205619527543,0.02285656452145135,4.039000034332275,3.6217641830444336,-0.4172358512878418,0.47589999437332153,0.5697886347770691,0.09388864040374756,4.066940137496574,3.666310800505684,0.4276690687865493,0.4779506748282438,0.4792499910089077,140.64349443020504,140.56022101667338,1370.96741427797,1370.4967738779112,0.5618034467689148,0.5970696673385254,1.5452719459906277,1.5681285105120786,0.10330116374691112,-0.048966203776907635,4.065627989812789,3.665983796580709
scen08,0,live_000231,231,231,1784644563.306,1,pedestrian,scen08#seg0:1:4,4,True,0.8497532421827287,True,8.732799530029297,8.856619834899902,0.12382030487060547,10.322400093078613,10.439118385314941,0.11671829223632812,0.4555000066757202,0.4270551800727844,-0.02844482660293579,2.296468977683117,2.05745916513611,-0.23900981254700726,0.0,-0.006441687699407339,-0.006441687699407339,0.0,0.00578298419713974,0.00578298419713974,0.0,0.008656687971797515,0.008656687971797515,0.17016059367789765,0.1725216966102689,126.74741095772531,126.64948666866869,1349.5900501609387,1349.7292100016025,0.2642034754745117,0.23575864887157588,-2.5586083809371445,-2.797618193484152,0.0,-0.0066402514641306365,0.0,-0.005553855159632337
scen08,0,live_000231,231,231,1784644563.306,1,pedestrian,scen08#seg0:1:5,5,True,0.7350896912867846,True,20.865100860595703,20.180294036865234,-0.6848068237304688,13.662699699401855,13.167905807495117,-0.4947938919067383,0.5135999917984009,0.5115417838096619,-0.0020582079887390137,0.08008699759016301,-0.3572273187579418,-0.4373143163481048,0.0,-0.025385338813066483,-0.025385338813066483,0.0,-0.0005987454205751419,-0.0005987454205751419,0.0,0.025392398916463946,0.025392398916463946,0.8448558346227066,0.8448583416858445,125.1663279585331,125.55871065871357,1362.0740604775528,1361.3258511499614,0.32230346059719234,0.3202452526084533,1.5081949461494872,1.0708806298013824,0.0,-0.003017253506403642,0.0,-0.025212498964024454
scen08,0,live_000231,231,231,1784644563.306,1,pedestrian,scen08#seg0:1:8,8,False,nan,True,22.57069969177246,nan,nan,27.61709976196289,nan,nan,0.47850000858306885,nan,nan,-2.652477008121542,nan,nan,0.0,nan,nan,0.0,nan,nan,0.0,nan,nan,nan,nan,111.59628678494767,nan,1365.7467068022227,nan,0.2872034773818603,nan,-1.2243690595622176,nan,0.0,nan,0.0,nan
scen08,0,live_000231,231,231,1784644563.306,1,pedestrian,scen08#seg0:1:7,7,False,nan,True,31.148500442504883,nan,nan,22.44569969177246,nan,nan,0.5697000026702881,nan,nan,-1.6487709948792328,nan,nan,0.0,nan,nan,0.0,nan,nan,0.0,nan,nan,nan,nan,117.93493476207567,nan,1373.5019364072882,nan,0.37840347146907954,nan,-0.22066304631990885,nan,0.0,nan,0.0,nan
scen08,0,live_000232,232,232,1784644563.371,0,vehicle,scen08#seg0:0:6,6,True,0.8721350414478479,True,18.90250015258789,18.591552734375,-0.3109474182128906,-1.9532999992370605,-1.9195212125778198,0.03377878665924072,0.8123000264167786,0.7842620015144348,-0.02803802490234375,0.11248000430829043,0.10019933464359741,-0.0122806696646931,3.9951999187469482,3.7900161743164062,-0.205183744430542,0.4699000120162964,0.48991158604621887,0.020011574029922485,4.022738919200267,3.821548895895784,0.20615729934613772,0.3127767627580937,0.31403094459281755,140.33390907463394,140.25699065258246,1358.164475867167,1357.861304530015,0.6214758872238132,0.5934378623214694,1.5430139273603327,1.5307332576956396,0.093255433039243,0.0447550937761505,4.021657846741466,3.8212868179846664
scen08,0,live_000232,232,232,1784644563.371,0,vehicle,scen08#seg0:0:1,1,True,0.7341326282052307,True,31.879899978637695,31.881933212280273,0.002033233642578125,-0.44029998779296875,-0.43474194407463074,0.005558043718338013,0.7508000135421753,0.7888451814651489,0.03804516792297363,0.1146879999367854,0.10749217179710653,-0.007195828139678895,4.041200160980225,3.7415318489074707,-0.2996683120727539,0.4666999876499176,0.4443228840827942,-0.022377103567123413,4.068059441500213,3.7678221032459334,0.3005026323089154,0.005918267400199838,0.0385027361535194,140.6500464435473,140.64482723550967,1371.225950992273,1371.2287412891174,0.5599758743492099,0.5980210422721836,1.5452219229888273,1.5380260948491484,0.1028550004629637,0.08311783331017841,4.066758963653832,3.7669052055360286
scen08,0,live_000232,232,232,1784644563.371,1,pedestrian,scen08#seg0:1:4,4,True,0.8617414537459922,True,8.512800216674805,8.616201400756836,0.10340118408203125,10.300999641418457,10.445144653320312,0.14414501190185547,0.45509999990463257,0.4497395157814026,-0.0053604841232299805,2.29405297643057,1.8917845760776497,-0.40226840035292,0.0,-0.001909136539325118,-0.001909136539325118,0.0,0.005232566501945257,0.005232566501945257,0.0,0.005569968987621557,0.005569968987621557,0.17739670043648548,0.1774776721612822,126.7474440156647,126.61917039230197,1349.589996778459,1349.712534392583,0.2642758607116672,0.2589153765884372,-2.5585984076969748,-2.9608668080498948,0.0,-0.005448082187045848,0.0,-0.001158859355685425
scen08,0,live_000232,232,232,1784644563.371,1,pedestrian,scen08#seg0:1:5,5,True,0.5029591367798929,True,20.653200149536133,20.150205612182617,-0.5029945373535156,13.611900329589844,13.223332405090332,-0.3885679244995117,0.5131999850273132,0.5294324159622192,0.016232430934906006,0.07762200031561652,-0.3032835351632556,-0.3809055354788722,0.0,-0.03112487681210041,-0.03112487681210041,0.0,0.006079958751797676,0.006079958751797676,0.0,0.031713149559638304,0.031713149559638304,0.6356009255478908,0.63580816947519,125.16632221819236,125.48075403309538,1362.074043708774,1361.5216659663422,0.32237584583434786,0.33860827676925387,1.5081559233676582,1.127250387888786,0.0,-0.010371599056528473,0.0,-0.02996921400375066
scen08,0,live_000232,232,232,1784644563.371,1,pedestrian,scen08#seg0:1:8,8,True,0.042940297733913724,True,22.3927001953125,23.084104537963867,0.6914043426513672,27.56220054626465,26.874364852905273,-0.687835693359375,0.4779999852180481,0.4197482764720917,-0.05825170874595642,-2.654894006694745,-1.0563862197121896,1.5985077869825552,0.0,0.005152042955160141,0.005152042955160141,0.0,0.016703462228178978,0.016703462228178978,0.0,0.017479965589783552,0.017479965589783552,0.975273246888451,0.9770113446977804,111.59621031165624,112.37395137244151,1365.7467537965294,1366.335206639555,0.2871758460250827,0.2289241372791263,-1.2243600836427029,0.37414770333985237,0.0,-0.015819152512269046,0.0,0.00743663975284463
scen08,0,live_000232,232,232,1784644563.371,1,pedestrian,scen08#seg0:1:7,7,False,nan,True,30.95789909362793,nan,nan,22.36989974975586,nan,nan,0.5692999958992004,nan,nan,-1.6511359978192242,nan,nan,0.0,nan,nan,0.0,nan,nan,0.0,nan,nan,nan,nan,117.93495935686316,nan,1373.5019378866086,nan,0.37847585670623507,nan,-0.2206020747671822,nan,0.0,nan,0.0,nan
scen08,0,live_000233,233,233,1784644563.492,0,vehicle,scen08#seg0:0:6,6,True,0.8748925100331348,True,18.930200576782227,18.694055557250977,-0.23614501953125,-1.979599952697754,-1.9465700387954712,0.033029913902282715,0.8116999864578247,0.7786376476287842,-0.03306233882904053,0.10872099966753841,0.10339804217063205,-0.005322957496906255,3.995500087738037,3.790553331375122,-0.20494675636291504,0.45260000228881836,0.4976756274700165,0.04507562518119812,4.021053060230181,3.8230845646122855,0.20984514511695504,0.23844379937798058,0.2407250791061308,140.34472585965568,140.27994849329218,1358.6219250027414,1358.392448776808,0.6221482077422027,0.5890858689131622,1.5433620611736165,1.5380391036767103,0.09391783206791887,0.0214409307518465,4.019956113442802,3.823024440762209
scen08,0,live_000233,233,233,1784644563.492,0,vehicle,scen08#seg0:0:1,1,True,0.7244177107522773,True,31.91860008239746,31.797496795654297,-0.12110328674316406,-0.5200999975204468,-0.5130698084831238,0.007030189037322998,0.7501999735832214,0.794464111328125,0.044264137744903564,0.110631000030923,0.12365337960115902,0.013022379570235998,4.043900012969971,3.625920295715332,-0.41797971725463867,0.4496999979019165,0.5478391647338867,0.09813916683197021,4.068827521904991,3.667073184611494,0.4293464103759818,0.12130717051311317,0.12913072255740424,140.66171339048245,140.63831031298142,1371.6882244307328,1371.569196175342,0.5606481948675994,0.604912332612503,1.545272061537001,1.558294441107237,0.10336056007753469,-0.05060481308322762,4.067514474176087,3.666724000274563
scen08,0,live_000233,233,233,1784644563.492,1,pedestrian,scen08#seg0:1:4,4,True,0.640988701286858,True,8.136300086975098,8.194903373718262,0.05860328674316406,10.265899658203125,10.334020614624023,0.06812095642089844,0.4537999927997589,0.4655897617340088,0.011789768934249878,2.2899219961606203,2.117546740741648,-0.17237525541897236,0.0,-0.0015292632160708308,-0.0015292632160708308,0.0,-0.00344677222892642,-0.00344677222892642,0.0,0.0037707936541430775,0.0037707936541430775,0.08985994614286975,0.09063006439544471,126.74744630160176,126.68791030785424,1349.5900626740433,1349.6573699943679,0.26424821408413696,0.27603798301838683,-2.5586222495128883,-2.73099750493186,0.0,0.0032072984767325652,0.0,-0.0019829577058713757
scen08,0,live_000233,233,233,1784644563.492,1,pedestrian,scen08#seg0:1:5,5,True,0.6926690867101257,True,20.290199279785156,19.489418029785156,-0.80078125,13.527000427246094,13.044411659240723,-0.4825887680053711,0.511900007724762,0.5232826471328735,0.011382639408111572,0.07347400057238095,-0.0946708153483201,-0.16814481592070107,0.0,0.0180218368768692,0.0180218368768692,0.0,-0.006942860782146454,-0.006942860782146454,0.0,0.019312946959403943,0.019312946959403943,0.9349558970114603,0.9350251835305825,125.16623562637217,125.53566410056162,1362.074125178508,1361.2152508385636,0.32234822900914,0.3337308684172516,1.508115062078459,1.3399702461577583,0.0,0.009324799447767472,0.0,0.016912659031496653
scen08,0,live_000233,233,233,1784644563.492,1,pedestrian,scen08#seg0:1:8,8,True,0.07299525884618596,True,22.08690071105957,23.105899810791016,1.0189990997314453,27.469900131225586,26.3979434967041,-1.0719566345214844,0.47679999470710754,0.4252234697341919,-0.05157652497291565,-2.658975012585508,-1.1099207595551428,1.5490542530303655,0.0,0.013358217664062977,0.013358217664062977,0.0,0.005839507095515728,0.005839507095515728,0.0,0.014578814158876663,0.014578814158876663,1.4790031073490424,1.4799021351009685,111.59625013847624,112.796599827128,1365.746737606558,1366.610804048738,0.2872482159914856,0.23567169101856994,-1.22433395107943,0.3247203019509355,0.0,-0.003972286184244189,0.0,0.01402721514590567
scen08,0,live_000233,233,233,1784644563.492,1,pedestrian,scen08#seg0:1:7,7,False,nan,True,30.630800247192383,nan,nan,22.24250030517578,nan,nan,0.5680000185966492,nan,nan,-1.6552840051652273,nan,nan,0.0,nan,nan,0.0,nan,nan,0.0,nan,nan,nan,nan,117.93497732168197,nan,1373.5020239276298,nan,0.3784482398810272,nan,-0.22064294365914927,nan,0.0,nan,0.0,nan
scen08,0,live_000234,234,234,1784644563.594,0,vehicle,scen08#seg0:0:6,6,True,0.8700776033027715,True,18.966400146484375,18.86868667602539,-0.09771347045898438,-2.002700090408325,-1.9868441820144653,0.015855908393859863,0.8098999857902527,0.7829643487930298,-0.0269356369972229,0.10545299873945452,0.09471072455362038,-0.010742274185834066,3.9948999881744385,3.8226778507232666,-0.17222213745117188,0.4375999867916107,0.4607049524784088,0.023104965686798096,4.018795797742919,3.850339595886106,0.17376508299321372,0.09899157610692583,0.10259074363985989,140.35455631421286,140.3259243528647,1359.0366995202771,1358.9419390700382,0.6217833999473621,0.5948477629501392,1.5436875906990055,1.532945316513171,0.09426051822713688,0.04859500269419753,4.017690209393913,3.850032925750316
scen08,0,live_000234,234,234,1784644563.594,0,vehicle,scen08#seg0:0:1,1,True,0.7314625144383697,True,31.96540069580078,32.09241485595703,0.12701416015625,-0.5900999903678894,-0.5153064727783203,0.07479351758956909,0.7480999827384949,0.8033971190452576,0.055297136306762695,0.10696500028807698,0.128233817853797,0.021268817565720077,4.046800136566162,3.653658866882324,-0.3931412696838379,0.43470001220703125,0.5838025808334351,0.1491025686264038,4.07008052081586,3.7000065633638557,0.4204659723445069,0.14739968505264422,0.15743074806830906,140.6724773167751,140.61512794461498,1372.1083627870498,1372.244148341018,0.5599833968956043,0.615280533202367,1.545199592247628,1.5664684098133481,0.10399489158884839,-0.09576252201247243,4.068751713787427,3.698767106525284
scen08,0,live_000234,234,234,1784644563.594,1,pedestrian,scen08#seg0:1:4,4,True,0.8036158951808723,True,7.804100036621094,7.814215183258057,0.01011514663696289,10.23639965057373,10.318523406982422,0.0821237564086914,0.4523000121116638,0.45140594244003296,-0.0008940696716308594,2.286355993616741,2.105014328175033,-0.1813416654417077,0.0,-0.003861955599859357,-0.003861955599859357,0.0,-0.003427133895456791,-0.003427133895456791,0.0,0.005163327201783157,0.005163327201783157,0.08274435061175683,0.08274918077382443,126.74747168360057,126.66740539338339,1349.5900199942364,1349.610901007838,0.2641834262687732,0.26328935659714237,-2.558594721603294,-2.7399363870450024,0.0,0.0028866166402165922,0.0,-0.004281050357692439
scen08,0,live_000234,234,234,1784644563.594,1,pedestrian,scen08#seg0:1:5,5,True,0.6980796792645378,True,19.96969985961914,19.675865173339844,-0.2938346862792969,13.453700065612793,13.351351737976074,-0.10234832763671875,0.5103999972343445,0.5126050114631653,0.0022050142288208008,0.06991599788307118,0.03815259915841487,-0.03176339872465617,0.0,0.1509041041135788,0.1509041041135788,0.0,-0.01609322428703308,-0.01609322428703308,0.0,0.15175981189456772,0.15175981189456772,0.3111494866312428,0.3111572996390013,125.1663720465995,125.22898516973824,1362.074128490714,1361.7693439769312,0.3222834113914539,0.3244884256202747,1.5081505898426224,1.4763871911179658,0.0,0.0358976050992339,0.0,0.14745305169583311
scen08,0,live_000234,234,234,1784644563.594,1,pedestrian,scen08#seg0:1:8,8,True,0.08029431116566954,True,21.8164005279541,23.00273323059082,1.1863327026367188,27.390199661254883,26.427743911743164,-0.9624557495117188,0.47530001401901245,0.44935715198516846,-0.025942862033843994,-2.662557017308249,-1.1369357473462884,1.5256212699619605,0.0,0.014265199191868305,0.014265199191868305,0.0,0.000989623018540442,0.000989623018540442,0.0,0.014299484665627122,0.014299484665627122,1.5276473255020302,1.5278675934792296,111.59622910828656,112.70704294321395,1365.746667799083,1366.7953808080838,0.28718342817612186,0.26124056614227786,-1.224322425348698,0.30129884461326295,0.0,0.0009045454448118001,0.0,0.014270846479476103
scen08,0,live_000234,234,234,1784644563.594,1,pedestrian,scen08#seg0:1:7,7,False,nan,True,30.341400146484375,nan,nan,22.132200241088867,nan,nan,0.5665000081062317,nan,nan,-1.658850004158703,nan,nan,0.0,nan,nan,0.0,nan,nan,0.0,nan,nan,nan,nan,117.93487962211323,nan,1373.50190384075,nan,0.3783834222633411,nan,-0.2206154121991517,nan,0.0,nan,0.0,nan
scen08,0,live_000235,235,235,1784644563.702,0,vehicle,scen08#seg0:0:6,6,True,0.8681237325250777,True,19.000900268554688,18.851327896118164,-0.14957237243652344,-2.030400037765503,-1.9983412027359009,0.03205883502960205,0.8062999844551086,0.7762032747268677,-0.030096709728240967,0.10193499780339711,0.09771016203797321,-0.004224835765423762,3.9941999912261963,3.798226833343506,-0.19597315788269043,0.42329999804496765,0.48368164896965027,0.06038165092468262,4.016567746006062,3.8288999745462973,0.20506443470017938,0.15296948551833897,0.1559021341618238,140.36531984462835,140.314348612572,1359.4972573150826,1359.3530297275609,0.6197089215125893,0.5896122117843483,1.5441653488373408,1.539940513071917,0.09229830596803207,0.007288871161027777,4.015507126250886,3.8288930368238074
scen08,0,live_000235,235,235,1784644563.702,0,vehicle,scen08#seg0:0:1,1,True,0.7437630382555724,True,32.01179885864258,31.859201431274414,-0.15259742736816406,-0.6700000166893005,-0.5999995470046997,0.07000046968460083,0.7439000010490417,0.7962889075279236,0.052388906478881836,0.10294000492031664,0.13274182390584133,0.029801818985524697,4.050000190734863,3.660510301589966,-0.38948988914489746,0.41929998993873596,0.5966443419456482,0.17734435200691223,4.071647581325655,3.70881654154287,0.4279642425890931,0.16788698757034992,0.1758710838014591,140.68430196355857,140.59531438918216,1372.5751937251857,1372.4328306253246,0.5573089381065224,0.6096978445854042,1.5451703559542604,1.5749721749397851,0.10341956107747496,-0.12239843884040236,4.070333944641593,3.706796293430683
scen08,0,live_000235,235,235,1784644563.702,1,pedestrian,scen08#seg0:1:4,4,True,0.8377746437560063,True,7.429500102996826,7.44705867767334,0.017558574676513672,10.204899787902832,10.25345516204834,0.04855537414550781,0.45080000162124634,0.4586728513240814,0.007872849702835083,2.282365013593171,2.189470409109429,-0.09289460448374198,0.0,-0.020837854593992233,-0.020837854593992233,0.0,0.0050143771804869175,0.0050143771804869175,0.0,0.02143268911239444,0.02143268911239444,0.051632624406289435,0.05222939465018129,126.74740737705396,126.70150396293883,1349.5900718600226,1349.6137109055967,0.2642089386787269,0.272081788381562,-2.558589942552471,-2.6514845470362136,0.0,-0.007644657191225572,0.0,-0.020022971283433295
scen08,0,live_000235,235,235,1784644563.702,1,pedestrian,scen08#seg0:1:5,5,True,0.7387268642836275,True,19.607799530029297,19.356565475463867,-0.2512340545654297,13.373600006103516,13.270529747009277,-0.10307025909423828,0.5090000033378601,0.5142354965209961,0.005235493183135986,0.06590700004569858,0.061063388569301595,-0.004843611476396781,0.0,0.08215015381574631,0.08215015381574631,0.0,-0.00869910977780819,-0.00869910977780819,0.0,0.08260945637684064,0.08260945637684064,0.27155483513121015,0.27160529978630643,125.1662643360442,125.23627269063726,1362.074126677715,1361.8117512620026,0.3224089403953407,0.32764443357847667,1.5081373510796423,1.5032937396032455,0.0,0.019159956634816643,0.0,0.0803568189056105
scen08,0,live_000235,235,235,1784644563.702,1,pedestrian,scen08#seg0:1:8,8,True,0.07646866817919573,True,21.510299682617188,22.661121368408203,1.1508216857910156,27.302400588989258,26.243804931640625,-1.0585956573486328,0.47380000352859497,0.4533752501010895,-0.020424753427505493,-2.666621996882132,-1.1555623804983064,1.5110596163838252,0.0,0.02014816552400589,0.02014816552400589,0.0,0.0004057814658153802,0.0004057814658153802,0.0,0.020152251303036564,0.020152251303036564,1.5636544753379051,1.563787865663637,111.59634482476324,112.79375290042415,1365.7467656425129,1366.752364577768,0.28720894058607555,0.26678418715857005,-1.224391645848188,0.28666797053563764,0.0,0.0021808058723091425,0.0,0.020033904220796324
scen08,0,live_000235,235,235,1784644563.702,1,pedestrian,scen08#seg0:1:7,7,False,nan,True,30.01409912109375,nan,nan,22.010400772094727,nan,nan,0.5651000142097473,nan,nan,-1.6628749974034351,nan,nan,0.0,nan,nan,0.0,nan,nan,0.0,nan,nan,nan,nan,117.93495842900958,nan,1373.501882954837,nan,0.3785089512672279,nan,-0.22064464636949133,nan,0.0,nan,0.0,nan
scen08,0,live_000236,236,236,1784644563.774,0,vehicle,scen08#seg0:0:6,6,True,0.8721342185181697,True,18.989200592041016,18.846721649169922,-0.14247894287109375,-2.0513999462127686,-2.0224077701568604,0.028992176055908203,0.8034999966621399,0.7833430171012878,-0.02015697956085205,0.09972900368260922,0.07985919968270612,-0.019869803999903013,3.995800018310547,3.821640729904175,-0.17415928840637207,0.41110000014305115,0.4023773670196533,-0.008722633123397827,4.016891957278435,3.8427653342290085,0.17437758476025317,0.14539874632926233,0.1467893022639517,140.3711276346781,140.32444979902345,1359.753363616151,1359.6156611285455,0.6177002077710033,0.5975432282101513,1.544448262481545,1.524578458481642,0.09460816045059023,0.08136219232378367,4.0157776696954155,3.8419039040054668
scen08,0,live_000236,236,236,1784644563.774,0,vehicle,scen08#seg0:0:1,1,True,0.723409738858436,True,32.00709915161133,31.870494842529297,-0.13660430908203125,-0.723800003528595,-0.6563189029693604,0.06748110055923462,0.7408999800682068,0.7910169363021851,0.05011695623397827,0.1005250025406569,0.10696130996400764,0.006436307423350662,4.051700115203857,3.769564151763916,-0.2821359634399414,0.4092000126838684,0.45912134647369385,0.04992133378982544,4.072311195614037,3.7974210070851284,0.28651848358097093,0.15236284387101948,0.16039372024684492,140.69097895907055,140.60685638886105,1372.8348734542915,1372.7078386977332,0.5551001911770702,0.6052171474110485,1.545244261339593,1.5516805687629436,0.1035221314088493,0.018520318595508067,4.070995166078191,3.797375844297026
scen08,0,live_000236,236,236,1784644563.774,1,pedestrian,scen08#seg0:1:4,4,True,0.826951001135896,True,7.19350004196167,7.030733585357666,-0.1627664566040039,10.186200141906738,10.048907279968262,-0.13729286193847656,0.44999998807907104,0.4654388725757599,0.015438884496688843,2.279875002448761,2.3362437141196812,0.05636871167092039,0.0,-0.004602447152137756,-0.004602447152137756,0.0,0.005851822905242443,0.005851822905242443,0.0,0.007444887581591884,0.007444887581591884,0.2129371957518946,0.21349615567776103,126.74742911058902,126.8631654573145,1349.5900843270329,1349.4113461179634,0.26420019918793447,0.2796390836846233,-2.5585910459318892,-2.502222334260969,0.0,-0.006384102875714929,0.0,-0.0038300889774037137
scen08,0,live_000236,236,236,1784644563.774,1,pedestrian,scen08#seg0:1:5,5,True,0.6824622086766503,True,19.379600524902344,19.207361221313477,-0.1722393035888672,13.324600219726562,13.337385177612305,0.012784957885742188,0.5080999732017517,0.5376653671264648,0.029565393924713135,0.06341100142273899,-0.2771826780318258,-0.34059367945456476,0.0,0.08697078377008438,0.08697078377008438,0.0,-0.006730088498443365,-0.006730088498443365,0.0,0.08723079342055563,0.08723079342055563,0.1727131519280398,0.17522541301661018,125.16625991108202,125.13191848708826,1362.074094259395,1361.9048296752462,0.32230018431061513,0.35186557823532827,1.5081302602216748,1.16753658076711,0.0,0.017612666045601952,0.0,0.08543421630439266
scen08,0,live_000236,236,236,1784644563.774,1,pedestrian,scen08#seg0:1:8,8,True,0.07111007885558962,True,21.316699981689453,22.653974533081055,1.3372745513916016,27.248699188232422,26.255271911621094,-0.9934272766113281,0.4729999899864197,0.47333669662475586,0.00033670663833618164,-2.6690420071417424,-1.099232733842369,1.5698092732993736,0.0,0.019571436569094658,0.019571436569094658,0.0,0.004751861561089754,0.004751861561089754,0.0,0.020140042643297905,0.020140042643297905,1.6658934478876521,1.665893481914846,111.59625650843743,112.74995211140867,1365.7466810919211,1366.9484245900935,0.2872002010952831,0.2875369077336193,-1.2243227483428063,0.3454865249565673,0.0,-0.0022531676128244678,0.0,0.020013609204298382
scen08,0,live_000236,236,236,1784644563.774,1,pedestrian,scen08#seg0:1:7,7,False,nan,True,29.8075008392334,nan,nan,21.93549919128418,nan,nan,0.5641999840736389,nan,nan,-1.6653789989736525,nan,nan,0.0,nan,nan,0.0,nan,nan,0.0,nan,nan,nan,nan,117.93494615351773,nan,1373.501989402581,nan,0.37840019518250234,nan,-0.22065974017471657,nan,0.0,nan,0.0,nan
scen08,0,live_000237,237,237,1784644563.906,0,vehicle,scen08#seg0:0:6,6,True,0.8774730821069952,True,19.063400268554688,18.964445114135742,-0.09895515441894531,-2.0806000232696533,-2.0686943531036377,0.011905670166015625,0.8040000200271606,0.7822468876838684,-0.021753132343292236,0.09543000026079543,0.08451423453960334,-0.010915765721192017,3.998199939727783,3.8532896041870117,-0.14491033554077148,0.3928000032901764,0.4212924540042877,0.028492450714111328,4.017448767641476,3.876251811419977,0.14768488444737682,0.0996687893383845,0.10201502994619986,140.38428168638458,140.36045313999782,1360.3079329274215,1360.21115447969,0.6191214666263937,0.5973683342831014,1.5445490855248396,1.5336333198036467,0.0953945676096265,0.04952396377556684,4.016316033020134,3.8759354332275207
scen08,0,live_000237,237,237,1784644563.906,0,vehicle,scen08#seg0:0:1,1,True,0.7425055527729256,True,32.094600677490234,31.82375717163086,-0.270843505859375,-0.8104000091552734,-0.7475993633270264,0.06280064582824707,0.7414000034332275,0.796220064163208,0.05482006072998047,0.09612699862457465,0.1404880828846197,0.044361084260045036,4.053800106048584,3.598755359649658,-0.4550447463989258,0.39169999957084656,0.47349295020103455,0.08179295063018799,4.07268022185186,3.6297707520582096,0.46233733139132843,0.2780290016934245,0.2833820122045169,140.70516380835875,140.60995325078918,1373.3969598903968,1373.1357414463505,0.5565214500324606,0.611341510762441,1.5452460838886184,1.5896071681486639,0.10323503190839362,-0.03318524409789936,4.071371601518361,3.6296190505439245
scen08,0,live_000237,237,237,1784644563.906,1,pedestrian,scen08#seg0:1:4,4,True,0.8337976819700827,True,6.769599914550781,6.622488021850586,-0.1471118927001953,10.154600143432617,10.028380393981934,-0.1262197494506836,0.44909998774528503,0.4840196967124939,0.03491970896720886,2.27550198690746,2.351559163289759,0.07605717638229903,0.0,-0.004271916579455137,-0.004271916579455137,0.0,0.005858027841895819,0.005858027841895819,0.0,0.007250224924666149,0.007250224924666149,0.19383842272683482,0.1969586763754816,126.74735575899538,126.85478626455165,1349.590101919504,1349.4287575034211,0.26422143434451806,0.2991411433117269,-2.558564235008083,-2.4825070586257834,0.0,-0.00633322958888477,0.0,-0.003529300841912559
scen08,0,live_000237,237,237,1784644563.906,1,pedestrian,scen08#seg0:1:5,5,True,0.7553198071544074,True,18.96929931640625,18.85134506225586,-0.11795425415039062,13.239299774169922,13.228644371032715,-0.010655403137207031,0.5072000026702881,0.5284989476203918,0.02129894495010376,0.05901999841238859,-0.725683501051249,-0.7847034994636375,0.0,0.10901650786399841,0.10901650786399841,0.0,-0.00930884387344122,-0.00930884387344122,0.0,0.1094132238859697,0.1094132238859697,0.11843455445177875,0.12033448692780842,125.16622857316166,125.16248823585703,1362.074014532532,1361.9556390554894,0.3223214492695211,0.34362039421962487,1.5081390836764328,0.7234355842127949,0.0,0.022472138941392293,0.0,0.10708060763985275
scen08,0,live_000237,237,237,1784644563.906,1,pedestrian,scen08#seg0:1:8,8,True,0.08208276588997165,True,20.96780014038086,22.54615592956543,1.5783557891845703,27.154699325561523,26.31171417236328,-0.8429851531982422,0.47209998965263367,0.4647224545478821,-0.007377535104751587,-2.6734909976808137,-1.1506289285393427,1.5228620691414712,0.0,0.022613946348428726,0.022613946348428726,0.0,0.004478477872908115,0.004478477872908115,0.0,0.02305314151059982,0.02305314151059982,1.7893660793043753,1.789381287984574,111.5962856496679,112.62461458739796,1365.74675183207,1367.211118781162,0.2872214362518667,0.2798439011471151,-1.2243719124167698,0.2984901567247009,0.0,-0.00170054814140385,0.0,0.022990334263044292
scen08,0,live_000237,237,237,1784644563.906,1,pedestrian,scen08#seg0:1:7,7,False,nan,True,29.434999465942383,nan,nan,21.80419921875,nan,nan,0.5633000135421753,nan,nan,-1.669778000519832,nan,nan,0.0,nan,nan,0.0,nan,nan,0.0,nan,nan,nan,nan,117.93495168197558,nan,1373.5019197053434,nan,0.3784214601414083,nan,-0.22065891525578785,nan,0.0,nan,0.0,nan
scen08,0,live_000238,238,238,1784644564.011,0,vehicle,scen08#seg0:0:6,6,True,0.8683850345539099,True,19.069700241088867,18.944791793823242,-0.124908447265625,-2.111599922180176,-2.059645652770996,0.05195426940917969,0.7989000082015991,0.7742950916290283,-0.0246049165725708,0.09190500446544193,0.08360513372219897,-0.008299870743242899,3.9995999336242676,3.8089725971221924,-0.1906273365020752,0.3792000114917755,0.44246917963027954,0.06326916813850403,4.0175355975725475,3.834586186350552,0.2008526053075083,0.1352825425106693,0.1375018844514293,140.39409017766178,140.32778729071532,1360.7192439406397,1360.60132323215,0.6146533240839012,0.5900484075113304,1.5446598815480161,1.5363600108047724,0.09446170619148286,0.009183108540300411,4.016424935664303,3.8345751904308787
scen08,0,live_000238,238,238,1784644564.011,0,vehicle,scen08#seg0:0:1,1,True,0.7312514511028603,True,32.11119842529297,31.590890884399414,-0.5203075408935547,-0.8889999985694885,-0.8117732405662537,0.07722675800323486,0.7364000082015991,0.7791317701339722,0.04273176193237305,0.09251200018349796,0.1619792971149587,0.0694672969314607,4.056399822235107,3.5092742443084717,-0.5471255779266357,0.3765000104904175,0.595706582069397,0.2192065715789795,4.073835020681163,3.55947637352569,0.5894047158319701,0.5260075182565248,0.5277403838443987,140.71586290056254,140.5778982233559,1373.8139714206832,1373.3063794023205,0.5521533240839012,0.5948850860162742,1.545266877266072,1.6147341741975323,0.10383210004626942,-0.17828267427824435,4.072511592460883,3.5550087681663736
scen08,0,live_000238,238,238,1784644564.011,1,pedestrian,scen08#seg0:1:4,4,True,0.8367953802783177,True,6.410900115966797,6.296842575073242,-0.11405754089355469,10.129500389099121,10.018665313720703,-0.11083507537841797,0.44839999079704285,0.47883206605911255,0.030432075262069702,2.2717770040688543,2.3197601760038085,0.04798317193495416,0.0,-0.0025729634799063206,-0.0025729634799063206,0.0,0.004914861638098955,0.004914861638098955,0.0,0.005547612638837393,0.005547612638837393,0.1590394182862365,0.16192482136343633,126.74737789774116,126.84400942035973,1349.5901378944357,1349.463821286639,0.26415330667934495,0.29458538194141465,-2.558653426028158,-2.5106702540932044,0.0,-0.005183671579841922,0.0,-0.001976247692706444
scen08,0,live_000238,238,238,1784644564.011,1,pedestrian,scen08#seg0:1:5,5,True,0.5341638272298752,True,18.62179946899414,18.53741455078125,-0.08438491821289062,13.1697998046875,13.125801086425781,-0.04399871826171875,0.5065000057220459,0.5348315238952637,0.028331518173217773,0.0554180004448449,-0.34940184369378974,-0.4048198441386348,0.0,-0.006235650274902582,-0.006235650274902582,0.0,-0.002349924761801958,-0.002349924761801958,0.0,0.006663743747850951,0.006663743747850951,0.09516670442161136,0.09929439335868724,125.16628258805943,125.20003732579573,1362.0741124685803,1361.9851331490122,0.322253321604348,0.35058483977756577,1.5081728775274188,1.1033530333887835,0.0,0.0015992150644531433,0.0,-0.006469002389445281
scen08,0,live_000238,238,238,1784644564.011,1,pedestrian,scen08#seg0:1:8,8,True,0.07717834941124835,True,20.670700073242188,20.567230224609375,-0.1034698486328125,27.077899932861328,27.069974899291992,-0.007925033569335938,0.4713999927043915,0.46303674578666687,-0.00836324691772461,-2.6770890134663885,-1.2314183245924695,1.4456706888739195,0.0,0.0030515354592353106,0.0030515354592353106,0.0,-0.001130299991928041,-0.001130299991928041,0.0,0.003254143010183017,0.003254143010183017,0.10377290461952114,0.10410936380642744,111.59626016081795,111.59194465884153,1365.746677537515,1365.6429944039983,0.2871533085866936,0.27879006166896897,-1.2243341363838147,0.2213365524901043,0.0,0.0014818061962163132,0.0,0.0028971877963946224
scen08,0,live_000238,238,238,1784644564.011,1,pedestrian,scen08#seg0:1:7,7,False,nan,True,29.118499755859375,nan,nan,21.696699142456055,nan,nan,0.5626999735832214,nan,nan,-1.6734029980729366,nan,nan,0.0,nan,nan,0.0,nan,nan,0.0,nan,nan,nan,nan,117.9348905798127,nan,1373.5019599847042,nan,0.37845328946552353,nan,-0.2206481209903628,nan,0.0,nan,0.0,nan
scen08,0,live_000239,239,239,1784644564.074,0,vehicle,scen08#seg0:0:6,6,True,0.8691165609530032,True,19.04330062866211,18.96221160888672,-0.08108901977539062,-2.1331000328063965,-2.1127817630767822,0.020318269729614258,0.7971000075340271,0.7747827172279358,-0.02231729030609131,0.08984099625968962,0.055568759366045814,-0.03427223689364389,4.000899791717529,3.794034957885742,-0.2068648338317871,0.36959999799728394,0.319482684135437,-0.050117313861846924,4.01793520379373,3.807462468248564,0.21284925328734364,0.0835958205470767,0.08652353818207742,140.39919252585088,140.36963708715246,1360.9376802648567,1360.8594834793969,0.6132346389779513,0.59091734867186,1.5447847521395826,1.5105125152459387,0.09535593549811716,0.12122504465932432,4.01680352363048,3.8055321488155625
scen08,0,live_000239,239,239,1784644564.074,0,vehicle,scen08#seg0:0:1,1,True,0.7423803561461106,True,32.090301513671875,32.149559020996094,0.05925750732421875,-0.9391999840736389,-0.8440738916397095,0.09512609243392944,0.7346000075340271,0.7762791514396667,0.04167914390563965,0.09023900485799788,0.12848972292025596,0.038250718062258215,4.057700157165527,3.739773988723755,-0.31792616844177246,0.366100013256073,0.4003486633300781,0.03424865007400513,4.074182100148107,3.7611419195458398,0.3197655682088957,0.112073304743049,0.11957247456139454,140.72144529433743,140.63380665853467,1374.0352289886832,1374.1050852350086,0.5507346389779513,0.5924137828835909,1.545182760737891,1.5834334788001492,0.10539821635244834,0.03462892297720166,4.072818557357664,3.7609825015092007
scen08,0,live_000239,239,239,1784644564.074,1,pedestrian,scen08#seg0:1:4,4,True,0.8388977964972533,True,6.193699836730957,6.0750732421875,-0.11862659454345703,10.115400314331055,10.007248878479004,-0.10815143585205078,0.4481000006198883,0.4724943935871124,0.02439439296722412,2.269669976541975,2.2392779681851853,-0.0303920083567899,0.0,-0.002963347127661109,-0.002963347127661109,0.0,0.004072936251759529,0.004072936251759529,0.0,0.0050368875220630355,0.0050368875220630355,0.16052726251275204,0.16237022023165873,126.74746741900596,126.84118139836195,1349.5900636484494,1349.4597306438684,0.26423463206381254,0.28862902503103666,-2.5585715747577185,-2.5889635831145084,0.0,-0.004388177626128197,0.0,-0.002472677300308758
scen08,0,live_000239,239,239,1784644564.074,1,pedestrian,scen08#seg0:1:5,5,True,0.7283602966992575,True,18.411300659179688,18.199338912963867,-0.2119617462158203,13.12909984588623,13.035045623779297,-0.0940542221069336,0.5062000155448914,0.5238628387451172,0.01766282320022583,0.053246997820130135,-0.14348408643012636,-0.19673108425025632,0.0,-0.032891277223825455,-0.032891277223825455,0.0,-0.016959572210907936,-0.016959572210907936,0.0,0.03700625902454259,0.03700625902454259,0.2318921701028308,0.23256387053539215,125.16624623263883,125.23516855271271,1362.074129263584,1361.8527163182741,0.3223346469888156,0.3399974701890414,1.5081907537000232,1.311459669449766,0.0,0.013043864620677127,0.0,-0.03463121139592127
scen08,0,live_000239,239,239,1784644564.074,1,pedestrian,scen08#seg0:1:8,8,True,0.08853556344869062,True,20.490699768066406,20.57929229736328,0.088592529296875,27.03260040283203,27.073509216308594,0.0409088134765625,0.47110000252723694,0.46577462553977966,-0.005325376987457275,-2.6792259993684038,-1.2182965093415417,1.460929490026862,0.0,0.004616248421370983,0.004616248421370983,0.0,-0.0008292897255159914,-0.0008292897255159914,0.0,0.004690146153016607,0.004690146153016607,0.09758159287118569,0.09772679728373572,111.59631169022728,111.56591783331484,1365.7467448037262,1365.8394722577475,0.28723463397116117,0.2819092569837039,-1.224282243488511,0.23664724653835112,0.0,0.0013573393687606012,0.0,0.004489443258876211
scen08,0,live_000239,239,239,1784644564.074,1,pedestrian,scen08#seg0:1:7,7,False,nan,True,28.926599502563477,nan,nan,21.63290023803711,nan,nan,0.5623000264167786,nan,nan,-1.6755759983635685,nan,nan,0.0,nan,nan,0.0,nan,nan,0.0,nan,nan,nan,nan,117.9349513725625,nan,1373.5019245680967,nan,0.3784346578607028,nan,-0.22063224248367597,nan,0.0,nan,0.0,nan
scen08,0,live_000240,240,240,1784644564.205,0,vehicle,scen08#seg0:0:6,6,True,0.8734568522901967,True,19.11829948425293,19.024995803833008,-0.09330368041992188,-2.166300058364868,-2.13466739654541,0.03163266181945801,0.79339998960495,0.7610267996788025,-0.03237318992614746,0.08552000084092409,0.07198658034406896,-0.013533420496854909,4.004300117492676,3.8794219493865967,-0.1248781681060791,0.35010001063346863,0.3886949121952057,0.03859490156173706,4.019575779656034,3.898845777425537,0.13070624811419815,0.09852005924524766,0.10370258193353493,140.41268047056766,140.37086179903517,1361.50305472424,1361.4138504598523,0.6102120535766279,0.5778388636504804,1.5448093650244,1.531275944527545,0.09765689350661699,0.04540573731145131,4.018389301641648,3.8985813721362987
scen08,0,live_000240,240,240,1784644564.205,0,vehicle,scen08#seg0:0:1,1,True,0.7307803526265317,True,32.17850112915039,32.25947189331055,0.08097076416015625,-1.0295000076293945,-1.0258843898773193,0.0036156177520751953,0.7300999760627747,0.7743110656738281,0.04421108961105347,0.08591899844155067,0.06993585961316223,-0.015983138828388643,4.059500217437744,3.9004366397857666,-0.15906357765197754,0.34869998693466187,0.3942810595035553,0.04558107256889343,4.074448882519613,3.920314213792885,0.16546557319266572,0.08105144872492265,0.09232528247996517,140.73622786771125,140.74164480982313,1374.6086450750229,1374.6895153048888,0.5469120400344526,0.5911231296455061,1.5452083626250266,1.5292252237966384,0.10519067040482388,0.04219271388636542,4.07309079436306,3.920087155888429
scen08,0,live_000240,240,240,1784644564.205,1,pedestrian,scen08#seg0:1:4,4,True,0.8271499702969152,True,5.758699893951416,5.661986827850342,-0.09671306610107422,10.088399887084961,10.006187438964844,-0.08221244812011719,0.4474000036716461,0.47903913259506226,0.03163912892341614,2.2652570343266007,2.252630953640801,-0.012626080685799845,0.0,-0.004100216086953878,-0.004100216086953878,0.0,0.0036101762671023607,0.0036101762671023607,0.0,0.005463070989769812,0.005463070989769812,0.12693424983263465,0.13081795847515074,126.74748466934483,126.81842469407502,1349.5900787870346,1349.4848180789245,0.26421206764332406,0.2958511965667402,-2.5586389086695096,-2.571264989355309,0.0,-0.004044011172725457,0.0,-0.003673025765514882
scen08,0,live_000240,240,240,1784644564.205,1,pedestrian,scen08#seg0:1:5,5,True,0.7450394463926848,True,17.989200592041016,17.536161422729492,-0.45303916931152344,13.04889965057373,12.78029727935791,-0.2686023712158203,0.5055000185966492,0.5453004240989685,0.039800405502319336,0.04883900003513509,-0.06461292111747655,-0.11345192115261149,0.0,-0.022978438064455986,-0.022978438064455986,0.0,-0.009904143400490284,-0.009904143400490284,0.0,0.02502200376427745,0.02502200376427745,0.5266799054010287,0.5281815928555118,125.16633254450034,125.38285437046403,1362.0740550820171,1361.5939404898263,0.3223120825683271,0.36211248807064644,1.508128364218611,1.3946764430659995,0.0,0.007285684720236475,0.0,-0.023937825100389297
scen08,0,live_000240,240,240,1784644564.205,1,pedestrian,scen08#seg0:1:8,8,True,0.10000931115155254,True,20.128999710083008,20.690763473510742,0.5617637634277344,26.943300247192383,27.014230728149414,0.07093048095703125,0.47040000557899475,0.4588901400566101,-0.011509865522384644,-2.6836740117623035,-1.133473526241975,1.5502004855203282,0.0,0.005309418775141239,0.005309418775141239,0.0,0.000842849665787071,0.000842849665787071,0.0,0.005375902090713676,0.005375902090713676,0.5662240360751981,0.56634100684449,111.5963309515817,111.58835182326757,1365.7466787998892,1366.3128466129451,0.2872120695506727,0.27570220402828804,-1.2243846475788274,0.32581583794150104,0.0,-0.0002468041351600947,0.0,0.005370233794520268
scen08,0,live_000240,240,240,1784644564.205,1,pedestrian,scen08#seg0:1:7,7,False,nan,True,28.541400909423828,nan,nan,21.506999969482422,nan,nan,0.5616000294685364,nan,nan,-1.679904997475486,nan,nan,0.0,nan,nan,0.0,nan,nan,0.0,nan,nan,nan,nan,117.9349679016586,nan,1373.5019051836398,nan,0.3784120934402143,nan,-0.22061563329200995,nan,0.0,nan,0.0,nan
scen08,0,live_000241,241,241,1784644564.28,0,vehicle,scen08#seg0:0:6,6,True,0.8647229375889296,True,19.11210060119629,19.04656410217285,-0.0655364990234375,-2.1928000450134277,-2.166755199432373,0.026044845581054688,0.7928000092506409,0.754065215587616,-0.0387347936630249,0.08283800370702588,0.058800621874505445,-0.024037381832520577,4.00540018081665,3.8368330001831055,-0.16856718063354492,0.33970001339912415,0.33240464329719543,-0.007295370101928711,4.019779435191615,3.8512050475376696,0.1687249738825473,0.07052210068900393,0.08045962295280237,140.41987532146996,140.38686833764547,1361.800549304079,1361.7382283148027,0.6099473167736574,0.5712125231106325,1.544837114043938,1.520799732211418,0.09722568760276412,0.08617444233480698,4.018603473006461,3.8502408085297617
scen08,0,live_000241,241,241,1784644564.28,0,vehicle,scen08#seg0:0:1,1,True,0.7464656551150135,True,32.179100036621094,32.08668899536133,-0.09241104125976562,-1.091599941253662,-1.012666940689087,0.0789330005645752,0.7293999791145325,0.759101927280426,0.029701948165893555,0.08313700467689476,0.09121320478921018,0.008076200112315579,4.0605998039245605,3.6109325885772705,-0.44966721534729004,0.33730000257492065,0.2580667734146118,-0.07923322916030884,4.074584894117341,3.620142624095075,0.45659446904376333,0.1215327903277191,0.1251096513051282,140.74403633306224,140.65553578921794,1374.9098603291663,1374.8265664346477,0.546547286637549,0.5762492348034426,1.5451361150138077,1.5532123151261228,0.10560523270740951,0.13554390514354037,4.0732161241694556,3.6176042443264045
scen08,0,live_000241,241,241,1784644564.28,1,pedestrian,scen08#seg0:1:4,4,True,0.8310008195671799,True,5.489200115203857,5.400679111480713,-0.08852100372314453,10.072999954223633,10.005831718444824,-0.0671682357788086,0.4471000134944916,0.4755934774875641,0.02849346399307251,2.262603983164425,2.1837658376657427,-0.07883814549868218,0.0,-0.004424262326210737,-0.004424262326210737,0.0,0.002808347810059786,0.002808347810059786,0.0,0.005240316264634725,0.005240316264634725,0.1111194852300468,0.11471450426216866,126.74738644331147,126.80454569115012,1349.590049103466,1349.494758178482,0.26424732101750814,0.29274078501058065,-2.558582213678249,-2.6374203591769305,0.0,-0.0032721416075883253,0.0,-0.004093165505239744
scen08,0,live_000241,241,241,1784644564.28,1,pedestrian,scen08#seg0:1:5,5,True,0.7706180695699913,True,17.727800369262695,17.817825317382812,0.09002494812011719,13.000300407409668,13.123747825622559,0.12344741821289062,0.5052000284194946,0.509484052658081,0.004284024238586426,0.04616399883376137,-0.08490376958707695,-0.13106776842083834,0.0,0.0076230489648878574,0.0076230489648878574,0.0,0.002996085910126567,0.002996085910126567,0.0,0.008190690221338906,0.008190690221338906,0.15278663667827141,0.15284668531288112,125.16629424649179,125.05335187382755,1362.0741418453126,1362.1770387685146,0.3223473359425112,0.3266313601810976,1.508163109170674,1.377095340749836,0.0,-0.002150640010561688,0.0,0.00790330018706793
scen08,0,live_000241,241,241,1784644564.28,1,pedestrian,scen08#seg0:1:8,8,True,0.06987339621568012,True,19.90519905090332,19.163217544555664,-0.7419815063476562,26.888900756835938,26.44687843322754,-0.44202232360839844,0.4700999855995178,0.4376319646835327,-0.03246802091598511,-2.6863349881196483,-0.9043683097395304,1.781966678380118,0.0,-0.007934223860502243,-0.007934223860502243,0.0,-0.0012653180165216327,-0.0012653180165216327,0.0,0.008034484299038573,0.008034484299038573,0.8636667704213846,0.8642768437904058,111.59623922330005,111.9550816928801,1365.7467283116118,1364.9611378506488,0.2872472931225344,0.2547792722065493,-1.2243358777827356,0.5576308005973822,0.0,0.0003963172104808038,0.0,-0.008024703771490515
scen08,0,live_000241,241,241,1784644564.28,1,pedestrian,scen08#seg0:1:7,7,False,nan,True,28.302900314331055,nan,nan,21.429800033569336,nan,nan,0.5612999796867371,nan,nan,-1.6826880006399325,nan,nan,0.0,nan,nan,0.0,nan,nan,0.0,nan,nan,nan,nan,117.9349077100343,nan,1373.5020135437503,nan,0.3784472872097536,nan,-0.22068889030301975,nan,0.0,nan,0.0,nan
scen08,0,live_000242,242,242,1784644564.38,0,vehicle,scen08#seg0:0:6,6,True,0.8794287083560448,True,19.134300231933594,18.99057960510254,-0.1437206268310547,-2.2316999435424805,-2.1859471797943115,0.045752763748168945,0.7904999852180481,0.7543371915817261,-0.03616279363632202,0.07907100260566703,0.06754955053396693,-0.011521452071700189,4.00629997253418,3.7099204063415527,-0.29637956619262695,0.3255000114440918,0.36222440004348755,0.03672438859939575,4.019501178924752,3.727561661109892,0.298646158479444,0.1508274973846183,0.15510216507479918,140.42974301093568,140.36917259292835,1362.2086035898099,1362.0704726431336,0.6078033376051853,0.5716405439688633,1.5448189502112868,1.5332974981395866,0.09637602146008445,0.028777113550535582,4.018345603586755,3.727450578493568
scen08,0,live_000242,242,242,1784644564.38,0,vehicle,scen08#seg0:0:1,1,True,0.7567792358231777,True,32.21120071411133,31.986360549926758,-0.2248401641845703,-1.1794999837875366,-1.1622456312179565,0.017254352569580078,0.7264999747276306,0.7561125159263611,0.02961254119873047,0.07736900440461585,0.08591915944146859,0.008550155036852747,4.065000057220459,3.603374719619751,-0.461625337600708,0.2718999981880188,0.20324450731277466,-0.06865549087524414,4.074083341589489,3.609102062805585,0.466702827013388,0.22550124636715405,0.22743727642887923,140.7545253933789,140.71379047688458,1375.3237462646016,1375.1019547438184,0.5438033271147679,0.5734158683134983,1.5431169520102355,1.5516671070470878,0.1558355780669064,0.1757087502389479,4.071101859058004,3.6048223444210117
scen08,0,live_000242,242,242,1784644564.38,1,pedestrian,scen08#seg0:1:4,4,True,0.833236594150236,True,5.150700092315674,5.096126079559326,-0.054574012756347656,10.052000045776367,10.002809524536133,-0.049190521240234375,0.44699999690055847,0.4693582057952881,0.022358208894729614,2.258825970581762,2.2045518389861534,-0.054274131595608566,0.0,-0.0039777797646820545,-0.0039777797646820545,0.0,0.0009607344982214272,0.0009607344982214272,0.0,0.004092156232646403,0.004092156232646403,0.07347128859776414,0.07679791503157044,126.74750269882163,126.79069968340823,1349.5900989900613,1349.5306679310868,0.2643033492876957,0.28666155818242534,-2.5586113889922046,-2.612885520587813,0.0,-0.0013725296575207077,0.0,-0.0038551141321124184
scen08,0,live_000242,242,242,1784644564.38,1,pedestrian,scen08#seg0:1:5,5,True,0.7691008904786258,True,17.400100708007812,17.5161075592041,0.11600685119628906,12.933500289916992,13.070694923400879,0.13719463348388672,0.5051000118255615,0.5224848389625549,0.017384827136993408,0.04240399864409611,-0.1619140800289615,-0.20431807867305762,0.0,0.006441358011215925,0.006441358011215925,0.0,-0.00505934190005064,-0.00505934190005064,0.0,0.008190728507908415,0.008190728507908415,0.1796662377333481,0.1805053716536965,125.1663010995795,125.04202668376621,1362.0741151949235,1362.2038681392273,0.3224033642126988,0.3397881913496922,1.5081519462497157,1.3038338675766576,0.0,0.005706862639979615,0.0,0.0058753512489610775
scen08,0,live_000242,242,242,1784644564.38,1,pedestrian,scen08#seg0:1:8,8,True,0.1070665171668761,True,19.629600524902344,20.844463348388672,1.2148628234863281,26.813800811767578,25.731016159057617,-1.082784652709961,0.4699000120162964,0.5151240229606628,0.045224010944366455,-2.690105015007629,-1.1556060665166052,1.5344989484910236,0.0,0.01252288930118084,0.01252288930118084,0.0,0.005206890404224396,0.005206890404224396,0.0,0.013562244066939426,0.013562244066939426,1.6273642137006097,1.627992473938163,111.59629068870026,112.80049126465407,1365.746747692063,1366.8413778839115,0.28720336440343364,0.3324273753478001,-1.2243570674020094,0.31014188108901397,0.0,-0.003865096292279357,0.0,0.01299982672125448
scen08,0,live_000242,242,242,1784644564.38,1,pedestrian,scen08#seg0:1:7,7,False,nan,True,28.00670051574707,nan,nan,21.323299407958984,nan,nan,0.5612000226974487,nan,nan,-1.686374997318001,nan,nan,0.0,nan,nan,0.0,nan,nan,0.0,nan,nan,nan,nan,117.93490883192436,nan,1373.5019607746435,nan,0.378503375084586,nan,-0.22062704971238123,nan,0.0,nan,0.0,nan
scen08,0,live_000243,243,243,1784644564.514,0,vehicle,scen08#seg0:0:6,6,True,0.8784542247547975,True,19.15019989013672,18.97260093688965,-0.1775989532470703,-2.2920000553131104,-2.234095335006714,0.057904720306396484,0.7893000245094299,0.7528981566429138,-0.03640186786651611,0.07375100428286574,0.0813027256498895,0.007551721367023756,4.008999824523926,3.7096450328826904,-0.29935479164123535,0.30169999599456787,0.41234299540519714,0.11064299941062927,4.020336115378413,3.7324915292403475,0.3191475592843347,0.1868002805892354,0.19031405836771065,140.44255167143353,140.36724546429903,1362.7421041912955,1362.5711558950327,0.6069004312855864,0.5704985634190702,1.5447786470434002,1.5523303684104244,0.09910971449463823,-0.040799794155043145,4.019114298587287,3.732268531690593
scen08,0,live_000243,243,243,1784644564.514,0,vehicle,scen08#seg0:0:1,1,True,0.7556123557813237,True,32.240501403808594,31.99504852294922,-0.245452880859375,-1.316100001335144,-1.3104151487350464,0.005684852600097656,0.7239999771118164,0.7401522397994995,0.016152262687683105,0.06783799995775082,0.0752450456833723,0.007407045725621675,4.067599773406982,3.607111692428589,-0.46048808097839355,0.21660000085830688,0.1788778305053711,-0.03772217035293579,4.073362674375111,3.6115442735623975,0.4620305561965566,0.24551870452422025,0.24604944596804784,140.7753411640295,140.74523667533796,1375.8645134894318,1375.6208474186878,0.5416003838879728,0.5577526465756559,1.5388656427182852,1.5462726884439064,0.18962327264577883,0.1812917482638984,4.068946607104038,3.606991175746451
scen08,0,live_000243,243,243,1784644564.514,1,pedestrian,scen08#seg0:1:4,4,True,0.8236308229848817,True,4.69950008392334,4.70496129989624,0.005461215972900391,10.025099754333496,10.0097017288208,-0.015398025512695312,0.44670000672340393,0.4702816605567932,0.023581653833389282,2.2535549595828455,2.194042725621129,-0.059512233961716454,0.0,-0.00120644923299551,-0.00120644923299551,0.0,0.0010401925537735224,0.0010401925537735224,0.0,0.0015929596042339985,0.0015929596042339985,0.016337811040414138,0.028688298435251985,126.74736522709807,126.7632306366776,1349.5900875829964,1349.593987948167,0.26430041349956035,0.28788206733294963,-2.558602704836206,-2.6181149387979223,0.0,-0.0011551861861823591,0.0,-0.0010968432777634153
scen08,0,live_000243,243,243,1784644564.514,1,pedestrian,scen08#seg0:1:5,5,True,0.7737049580033926,True,16.963899612426758,16.961271286010742,-0.002628326416015625,12.84179973602295,12.790421485900879,-0.05137825012207031,0.504800021648407,0.5187337398529053,0.013933718204498291,0.0371000004518653,-0.022778118628186888,-0.05987811908005236,0.0,-0.0012518748408183455,-0.0012518748408183455,0.0,0.0033050389029085636,0.0033050389029085636,0.0,0.0035341862948651986,0.0035341862948651986,0.05144543405740828,0.053298979243110375,125.16624613856968,125.21710710669669,1362.0740515772368,1362.066318880001,0.3224004284245634,0.3363341466290617,1.5081276432123998,1.4482495241323479,0.0,-0.0034132945175730832,0.0,-0.0009164569292217364
scen08,0,live_000243,243,243,1784644564.514,1,pedestrian,scen08#seg0:1:8,8,True,0.08844121019969897,True,19.266700744628906,20.544116973876953,1.2774162292480469,26.710100173950195,27.142663955688477,0.43256378173828125,0.46959999203681946,0.4691368043422699,-0.00046318769454956055,-2.6953360070425547,-1.200548006958959,1.494788000083596,0.0,0.01953810639679432,0.01953810639679432,0.0,0.007309162989258766,0.007309162989258766,0.0,0.020860524086801013,0.020860524086801013,1.3486673600328667,1.3486674395716916,111.59627603036937,111.2930981007547,1365.7467292589338,1367.060877953341,0.2872003988129759,0.2867372111184263,-1.22430836428202,0.27047963580157575,0.0,-0.005326757248536556,0.0,0.020168964336107306
scen08,0,live_000243,243,243,1784644564.514,1,pedestrian,scen08#seg0:1:7,7,False,nan,True,27.614700317382812,nan,nan,21.175500869750977,nan,nan,0.5608999729156494,nan,nan,-1.6917050016231718,nan,nan,0.0,nan,nan,0.0,nan,nan,0.0,nan,nan,nan,nan,117.93484097344943,nan,1373.501952065991,nan,0.37850037969180583,nan,-0.22067735886263717,nan,0.0,nan,0.0,nan
scen08,0,live_000244,244,244,1784644564.601,0,vehicle,scen08#seg0:0:6,6,True,0.8778235172028701,True,19.162200927734375,18.9622859954834,-0.19991493225097656,-2.3350000381469727,-2.2745232582092285,0.06047677993774414,0.7870000004768372,0.7597622871398926,-0.02723771333694458,0.07020299768247514,0.08177577036253532,0.011572772680060073,4.011000156402588,3.7611048221588135,-0.24989533424377441,0.2865999937057495,0.4000255763530731,0.11342558264732361,4.021226406340946,3.7823180650234702,0.274432215447991,0.20886220588835808,0.21063075292173375,140.4511529855226,140.37174621103833,1363.0893057496046,1362.8961271141022,0.6048957119397484,0.5776579986028039,1.544760753011178,1.5563335256912376,0.10014354175149948,-0.03676964330229687,4.019979239013454,3.7821393335431615
scen08,0,live_000244,244,244,1784644564.601,0,vehicle,scen08#seg0:0:1,1,True,0.7611419635694894,True,32.26070022583008,31.98452377319336,-0.27617645263671875,-1.4120999574661255,-1.4335410594940186,-0.021441102027893066,0.7213000059127808,0.7089744210243225,-0.012325584888458252,0.059978999132034576,0.06251911143400869,0.002540112301974151,4.068900108337402,3.6022188663482666,-0.46668124198913574,0.1704999953508377,0.12038873881101608,-0.050111256539821625,4.072470790569622,3.604230043921711,0.4693639522337885,0.2770074978176083,0.27728157870658277,140.79115936800056,140.78596343634098,1376.2158751445763,1375.9389163820479,0.539195717375692,0.5268701324872338,1.5345367544607367,1.5370768667627113,0.22126991497009493,0.2263058498850684,4.066455208750232,3.5971182732592615
scen08,0,live_000244,244,244,1784644564.601,1,pedestrian,scen08#seg0:1:4,4,True,0.8404620823557849,True,4.408699989318848,4.4063262939453125,-0.0023736953735351562,10.008099555969238,10.00901985168457,0.0009202957153320312,0.4462999999523163,0.46245503425598145,0.01615503430366516,2.2500109991413315,2.1647019805012846,-0.08530901864004692,0.0,-0.0034065747167915106,-0.0034065747167915106,0.0,0.0012002934236079454,0.0012002934236079454,0.0,0.0036118493329373035,0.0036118493329373035,0.0025458542633074463,0.016354403299497014,126.74750421658119,126.74636009082025,1349.5901239985656,1349.5878497184215,0.2641957114152276,0.28035074571889274,-2.5586165527095517,-2.643925571349599,0.0,-0.0015220772805042322,0.0,-0.0032754749817411953
scen08,0,live_000244,244,244,1784644564.601,1,pedestrian,scen08#seg0:1:5,5,True,0.7463001827492235,True,16.682899475097656,16.62894630432129,-0.05395317077636719,12.781599998474121,12.74682331085205,-0.03477668762207031,0.5044000148773193,0.5161091089248657,0.011709094047546387,0.033652000040549496,-0.20000420298695354,-0.23365620302750312,0.0,0.007177882827818394,0.007177882827818394,0.0,-0.0016551525332033634,-0.0016551525332033634,0.0,0.007366242719192715,0.007366242719192715,0.06419005093304492,0.06524925687087316,125.1662665912323,125.1956979900513,1362.0740322525317,1362.0169870476295,0.3222957263402306,0.334004820387777,1.5082097553692524,1.2745535523417493,0.0,0.0023372169003819374,0.0,0.006985624450156817
scen08,0,live_000244,244,244,1784644564.601,1,pedestrian,scen08#seg0:1:8,8,True,0.09317983476441505,True,19.03459930419922,20.21758270263672,1.1829833984375,26.641700744628906,27.357027053833008,0.7153263092041016,0.4693000018596649,0.4941597580909729,0.024859756231307983,-2.6989369926864883,-1.2398832800593353,1.4590537126271528,0.0,0.015202921815216541,0.015202921815216541,0.0,0.0075380196794867516,0.0075380196794867516,0.0,0.016969106411591522,0.016969106411591522,1.3824403964071286,1.382663898819297,111.59627652530646,110.99793325911043,1365.7466681438816,1366.9929132182615,0.2871957133225762,0.3120554695538842,-1.2243792373577858,0.23467447526936702,0.0,-0.006042288556017133,0.0,0.01585690138122013
scen08,0,live_000244,244,244,1784644564.601,1,pedestrian,scen08#seg0:1:7,7,False,nan,True,27.363100051879883,nan,nan,21.077600479125977,nan,nan,0.5605999827384949,nan,nan,-1.695183000545681,nan,nan,0.0,nan,nan,0.0,nan,nan,0.0,nan,nan,nan,nan,117.9349160272427,nan,1373.5019750838537,nan,0.37849569420140616,nan,-0.22062524521697835,nan,0.0,nan,0.0,nan
scen08,0,live_000245,245,245,1784644564.708,0,vehicle,scen08#seg0:0:6,6,True,0.8767658646473464,True,19.179500579833984,18.90005111694336,-0.279449462890625,-2.392199993133545,-2.325045347213745,0.0671546459197998,0.7865999937057495,0.774193286895752,-0.012406706809997559,0.06568699883989249,0.06623328578272247,0.0005462869428298767,4.012899875640869,3.7475297451019287,-0.26537013053894043,0.26989999413490295,0.31104332208633423,0.041143327951431274,4.0219661135758615,3.7604158199111746,0.26854064797935767,0.2874051996371542,0.2876728613413885,140.46199968886356,140.36953219879223,1363.528408450948,1363.2562843761984,0.6049029938760483,0.5924962870660507,1.5447635655374707,1.5453098524803002,0.0987808551409044,0.03350489258378064,4.020752884897324,3.7602665544893465
scen08,0,live_000245,245,245,1784644564.708,0,vehicle,scen08#seg0:0:1,1,True,0.6980001768371871,True,32.28799819946289,32.30097198486328,0.012973785400390625,-1.541200041770935,-1.5164421796798706,0.024757862091064453,0.720300018787384,0.7414594292640686,0.02115941047668457,0.05166400231263225,0.04558690946339316,-0.006077092849239296,4.070000171661377,3.8973352909088135,-0.17266488075256348,0.12630000710487366,0.20338602364063263,0.07708601653575897,4.071959367321625,3.9026386259011523,0.18909102303030748,0.027951222566026612,0.03505697497868839,140.81519998005302,140.79173446768357,1376.6597511208863,1376.6749379761295,0.5386030189576828,0.5597624294343674,1.5307405690102103,1.5246634761609705,0.24700713251770054,0.154430546096296,4.064460673398589,3.8995819584678606
scen08,0,live_000245,245,245,1784644564.708,1,pedestrian,scen08#seg0:1:4,4,True,0.8432672689006466,True,4.043600082397461,4.082819938659668,0.03921985626220703,9.988100051879883,10.031869888305664,0.04376983642578125,0.44600000977516174,0.46645990014076233,0.020459890365600586,2.245518986767378,2.13553114885019,-0.10998783791718836,0.0,-0.006357301026582718,-0.006357301026582718,0.0,0.0046280762180686,0.0046280762180686,0.0,0.007863483059232838,0.007863483059232838,0.05877070448759167,0.062230240395970055,126.74742235374417,126.70742868977246,1349.5900555499813,1349.6331194855666,0.2643030099454605,0.2847629003110611,-2.55858975371463,-2.668577591631818,0.0,-0.005190895908952535,0.0,-0.005906688199427974
scen08,0,live_000245,245,245,1784644564.708,1,pedestrian,scen08#seg0:1:5,5,True,0.6792408015498665,True,16.330299377441406,16.630435943603516,0.3001365661621094,12.706000328063965,12.949289321899414,0.24328899383544922,0.5041000247001648,0.5522159337997437,0.04811590909957886,0.029041000088785015,-0.49822069945653774,-0.5272616995453228,0.0,0.2305489331483841,0.2305489331483841,0.0,-0.05766672641038895,-0.05766672641038895,0.0,0.23765155566658663,0.23765155566658663,0.38635669124404654,0.3893412816251655,125.16629997232054,124.95152347018904,1362.0740458372682,1362.395203971217,0.3224030248704636,0.37051893397004243,1.508117566786363,0.9808558672410399,0.0,0.0785405922782711,0.0,0.224298099134449
scen08,0,live_000245,245,245,1784644564.708,1,pedestrian,scen08#seg0:1:8,8,True,0.10827377684948125,True,18.744600296020508,18.618263244628906,-0.12633705139160156,26.555400848388672,26.830869674682617,0.2754688262939453,0.46889999508857727,0.49678054451942444,0.027880549430847168,-2.7034429987433684,-1.1550171448226112,1.5484258539207572,0.0,0.004493515007197857,0.004493515007197857,0.0,0.0020401328802108765,0.0020401328802108765,0.0,0.004934958894340447,0.004934958894340447,0.30305795619664566,0.3043377233447308,111.59624152041633,111.31035921072657,1365.7466821260566,1365.646106632916,0.28720299525887605,0.3150835446897232,-1.2243664320457905,0.3240594218749666,0.0,-0.001619991070710834,0.0,0.004661485623666242
scen08,0,live_000245,245,245,1784644564.708,1,pedestrian,scen08#seg0:1:7,7,False,nan,True,27.047800064086914,nan,nan,20.953699111938477,nan,nan,0.5601999759674072,nan,nan,-1.699717992246682,nan,nan,0.0,nan,nan,0.0,nan,nan,0.0,nan,nan,nan,nan,117.93489772900796,nan,1373.501914308387,nan,0.378502976137706,nan,-0.22064142554910404,nan,0.0,nan,0.0,nan
scen08,0,live_000246,246,246,1784644564.8,0,vehicle,scen08#seg0:0:6,6,True,0.8778649615171474,True,19.176300048828125,18.96356773376465,-0.21273231506347656,-2.4426000118255615,-2.3908941745758057,0.05170583724975586,0.7835000157356262,0.7839249968528748,0.00042498111724853516,0.06204599884790482,0.06072352626160867,-0.0013224725862963638,4.015399932861328,3.705496311187744,-0.309903621673584,0.2556000053882599,0.2990974485874176,0.043497443199157715,4.023526809103829,3.7175478740666517,0.3129413400164124,0.21892585840408277,0.21892627089254163,140.46980324765315,140.3995971073845,1363.85363540199,1363.6462718821833,0.60210968219415,0.6025346633113985,1.544822613328643,1.5435001407423474,0.0983676355354442,0.0277961619741407,4.022324177867369,3.7174439564513935
scen08,0,live_000246,246,246,1784644564.8,0,vehicle,scen08#seg0:0:1,1,True,0.7416139237662946,True,32.29249954223633,32.31108856201172,0.018589019775390625,-1.6509000062942505,-1.680265188217163,-0.029365181922912598,0.7153000235557556,0.6884622573852539,-0.02683776617050171,0.04101599991826557,0.03888813145754697,-0.0021278684607186626,4.070000171661377,3.8839423656463623,-0.18605780601501465,0.06800000369548798,0.13502749800682068,0.0670274943113327,4.07056819103012,3.8862888113057994,0.1977629696702003,0.03475436038219688,0.04391049144109119,140.83416206018111,140.86504765085294,1376.9886542716138,1377.0045899502759,0.5339096900142793,0.5070719238437776,1.523792614399004,1.5216647459382848,0.2900410877436693,0.2069174562368274,4.060221861579327,3.8807764546782546
scen08,0,live_000246,246,246,1784644564.8,1,pedestrian,scen08#seg0:1:4,4,True,0.8200000576337061,True,3.761699914932251,3.78886342048645,0.02716350555419922,9.972800254821777,10.011933326721191,0.03913307189941406,0.4456000030040741,0.4958491325378418,0.0502491295337677,2.2418259915546126,2.070499226506975,-0.17132676504763777,0.0,-0.007839590311050415,-0.007839590311050415,0.0,0.004500450100749731,0.004500450100749731,0.0,0.009039536899335818,0.009039536899335818,0.04763668072271327,0.0692403666164405,126.74742850628657,126.71083476555881,1349.5900982345663,1349.6205966196026,0.26420966946259783,0.31445879899636553,-2.5585827011442355,-2.729909466191873,0.0,-0.0051721756230288796,0.0,-0.007413624395597583
scen08,0,live_000246,246,246,1784644564.8,1,pedestrian,scen08#seg0:1:5,5,True,0.7169019450346141,True,16.058300018310547,16.06932830810547,0.011028289794921875,12.6451997756958,12.663617134094238,0.0184173583984375,0.5037000179290771,0.4931134879589081,-0.010586529970169067,0.02540800075314249,-1.0433617883810915,-1.068769789134234,0.0,0.0031365808099508286,0.0031365808099508286,0.0,-0.01749262586236,-0.01749262586236,0.0,0.01777160934574744,0.01777160934574744,0.021466771209878638,0.02393526442274165,125.16632064539583,125.14894403887173,1362.0740155377928,1362.0866201326646,0.3223096843876009,0.3117231544174318,1.5081846152338807,0.43941482609964666,0.0,0.017700632395179657,0.0,0.0015867298284755998
scen08,0,live_000246,246,246,1784644564.8,1,pedestrian,scen08#seg0:1:8,8,True,0.08103655744347549,True,18.52389907836914,18.44254493713379,-0.08135414123535156,26.48550033569336,26.603063583374023,0.11756324768066406,0.46860000491142273,0.48475003242492676,0.01615002751350403,-2.707131997990502,-1.243598544065609,1.4635334539248932,0.0,0.006883188150823116,0.006883188150823116,0.0,-0.00044354103738442063,-0.00044354103738442063,0.0,0.006897463865180867,0.006897463865180867,0.1429671763075941,0.1438764639892628,111.5963403359513,111.47208067779478,1365.7467165489452,1365.6760118754348,0.28720967136994646,0.3033596988834505,-1.2243553835097638,0.23917807041512962,0.0,0.0010468982210070695,0.0,0.006817551751642816
scen08,0,live_000246,246,246,1784644564.8,1,pedestrian,scen08#seg0:1:7,7,False,nan,True,26.806299209594727,nan,nan,20.853099822998047,nan,nan,0.5598999857902527,nan,nan,-1.7033859963850762,nan,nan,0.0,nan,nan,0.0,nan,nan,0.0,nan,nan,nan,nan,117.93501001029749,nan,1373.501931196436,nan,0.3785096522487764,nan,-0.220609381904338,nan,0.0,nan,0.0,nan
scen08,0,live_000247,247,247,1784644564.895,0,vehicle,scen08#seg0:0:6,6,True,0.8789215839088627,True,19.19569969177246,18.979015350341797,-0.21668434143066406,-2.5009000301361084,-2.453813314437866,0.04708671569824219,0.7807000279426575,0.766074538230896,-0.014625489711761475,0.057757000984423545,0.04472113491219902,-0.013035866072224511,4.018199920654297,3.7388930320739746,-0.27930688858032227,0.23739999532699585,0.2609137296676636,0.023513734340667725,4.0252067475009845,3.7479857363149622,0.2802949048967249,0.2217414318896847,0.22222323813183112,140.4793255845638,140.4142690459134,1364.2404465385675,1364.0284632623516,0.5996490806813378,0.5850235909695763,1.5447620304377834,1.5317261643655584,0.09972924769460861,0.05292189956179444,4.023971102938206,3.747612086671616
scen08,0,live_000247,247,247,1784644564.895,0,vehicle,scen08#seg0:0:1,1,True,0.6456132624903148,True,32.3203010559082,31.562114715576172,-0.7581863403320312,-1.7807999849319458,-1.769166111946106,0.011633872985839844,0.7111999988555908,0.7337420582771301,0.022542059421539307,0.029130000526123558,0.06313026731502337,0.03400026678889967,4.068900108337402,3.8243424892425537,-0.24455761909484863,0.020800000056624413,0.23379342257976532,0.2129934225231409,4.068953272234824,3.8314820682690782,0.324306378437832,0.7582755921607456,0.7586105839689383,140.86019293136536,140.78514477172843,1377.379268597897,1376.6247159838256,0.5301490515942712,0.5526911110158105,1.5161350299794831,1.5501352967683832,0.319812580576836,0.08709860228770949,4.056365447655729,3.8304919622611164
scen08,0,live_000247,247,247,1784644564.895,1,pedestrian,scen08#seg0:1:4,4,False,nan,True,3.447499990463257,nan,nan,9.956700325012207,nan,nan,0.44530001282691956,nan,nan,2.237583987256678,nan,nan,0.0,nan,nan,0.0,nan,nan,0.0,nan,nan,nan,nan,126.74741341707994,nan,1349.590115871125,nan,0.2642490655655999,nan,-2.5585962904695485,nan,0.0,nan,0.0,nan
scen08,0,live_000247,247,247,1784644564.895,1,pedestrian,scen08#seg0:1:5,5,True,0.6946302856831252,True,15.755399703979492,15.658408164978027,-0.09699153900146484,12.577099800109863,12.572171211242676,-0.0049285888671875,0.5034000277519226,0.5442994236946106,0.04089939594268799,0.021126999869382664,-0.7284122216637086,-0.7495392215330914,0.0,0.15253445506095886,0.15253445506095886,0.0,-0.05600087717175484,-0.05600087717175484,0.0,0.16248956343331608,0.16248956343331608,0.09711668047299825,0.105377465402102,125.16629597366696,125.16308973064139,1362.0741439228877,1361.9770801828415,0.32234908049060296,0.36324847643329095,1.5081320293227423,0.7585928077896513,0.0,0.06857051080219115,0.0,0.14731240026921102
scen08,0,live_000247,247,247,1784644564.895,1,pedestrian,scen08#seg0:1:8,8,True,0.08590942221720965,True,18.279399871826172,18.281970977783203,0.00257110595703125,26.40690040588379,26.56011199951172,0.1532115936279297,0.4683000147342682,0.4828632175922394,0.014563202857971191,-2.711300987520113,-1.1540840917880986,1.5572168957320143,0.0,0.0043494305573403835,0.0043494305573403835,0.0,3.811222268268466e-05,3.811222268268466e-05,0.0,0.0043495975347891775,0.0043495975347891775,0.15323316549576382,0.15392364953227483,111.5962582147477,111.44379933868792,1365.7467501996698,1365.7621350662093,0.28724906747294854,0.30181227033091973,-1.224295958066753,0.33292093766526154,0.0,0.0003260396108414019,0.0,0.004337360589898709
scen08,0,live_000247,247,247,1784644564.895,1,pedestrian,scen08#seg0:1:7,7,False,nan,True,26.537900924682617,nan,nan,20.739500045776367,nan,nan,0.559499979019165,nan,nan,-1.7076130079039302,nan,nan,0.0,nan,nan,0.0,nan,nan,0.0,nan,nan,nan,nan,117.93495591539501,nan,1373.5019534814403,nan,0.3784490317578454,nan,-0.22060797845057056,nan,0.0,nan,0.0,nan
scen08,0,live_000248,248,248,1784644565.002,0,vehicle,scen08#seg0:0:6,6,True,0.8779627886301924,True,19.22100067138672,19.0197811126709,-0.2012195587158203,-2.575900077819824,-2.5170791149139404,0.05882096290588379,0.7775999903678894,0.7779730558395386,0.0003730654716491699,0.05255899973659656,0.029395251954797627,-0.02316374778179897,4.021500110626221,3.7075908184051514,-0.31390929222106934,0.21610000729560852,0.20413905382156372,-0.0119609534740448,4.0273021184063,3.7132064890088383,0.3141370849656897,0.20964068423606333,0.2096410161795896,140.49084753120417,140.41641250929158,1364.705415401637,1364.5094341678418,0.5969686225134931,0.5973416879851423,1.5447753036631244,1.521611555881325,0.10025129279878825,0.08753371541945254,4.026054151549882,3.712174602397119
scen08,0,live_000248,248,248,1784644565.002,0,vehicle,scen08#seg0:0:1,1,True,0.6377010162150754,True,32.35430145263672,31.90774917602539,-0.4465522766113281,-1.9466999769210815,-1.8976507186889648,0.0490492582321167,0.7063999772071838,0.7453356981277466,0.038935720920562744,0.014339999981118227,0.036653278805519336,0.02231327882440093,4.067200183868408,3.916914701461792,-0.1502854824066162,-0.03920000046491623,0.13391630351543427,0.1731163039803505,4.067389085850487,3.919203280626658,0.2292487315690241,0.44923798312239915,0.45092211727024983,140.8945423486277,140.81059046089854,1377.8475808499998,1377.406256880532,0.5257686093527876,0.5647043302733503,1.5065563039076455,1.5288695827320469,0.35835090846599976,0.17397152365101828,4.0515723617007335,3.915340121092074
scen08,0,live_000248,248,248,1784644565.002,1,pedestrian,scen08#seg0:1:5,5,True,0.7865228732731389,True,15.39490032196045,15.5726957321167,0.17779541015625,12.49489974975586,12.698229789733887,0.20333003997802734,0.503000020980835,0.5048569440841675,0.0018569231033325195,0.01593999975658358,-0.54147693712067,-0.5574169368772535,0.0,0.00045708578545600176,0.00045708578545600176,0.0,-0.002290361328050494,-0.002290361328050494,0.0,0.002335526156628342,0.002335526156628342,0.2701005609584981,0.2701069439934987,125.16620777054571,124.97746196439907,1362.0741671174987,1362.2673751237826,0.32236865312643864,0.32422557622977116,1.5081563036831112,0.9507393668058572,0.0,0.0023191745400476687,0.0,0.0002758838181007306
scen08,0,live_000248,248,248,1784644565.002,1,pedestrian,scen08#seg0:1:8,8,True,0.10600309331967939,True,17.99090003967285,18.17215347290039,0.18125343322753906,26.311199188232422,26.44773292541504,0.1365337371826172,0.46790000796318054,0.4832487106323242,0.015348702669143677,-2.7165899871006607,-1.1369623322359133,1.5796276548647477,0.0,0.005251639056950808,0.005251639056950808,0.0,-0.0015694604953750968,-0.0015694604953750968,0.0,0.005481142128337324,0.005481142128337324,0.22692348588416744,0.2274419730820319,111.59632681244554,111.47444263958708,1365.746724195476,1365.9381360991092,0.2872686401087842,0.3026173427779279,-1.224373683174133,0.35525397169061446,0.0,0.0019768667706493294,0.0,0.005112232076318201
scen08,0,live_000248,248,248,1784644565.002,1,pedestrian,scen08#seg0:1:7,7,True,0.1293542615242016,True,26.21969985961914,26.52416229248047,0.3044624328613281,20.600900650024414,20.716724395751953,0.11582374572753906,0.5590999722480774,0.5907397270202637,0.03163975477218628,-1.7128740017156747,-2.474314429801195,-0.7614404280855203,0.0,-0.019844934344291687,-0.019844934344291687,0.0,0.0025750496424734592,0.0025750496424734592,0.0,0.020011304300081252,0.020011304300081252,0.32574915671141247,0.3272821216935634,117.93495841169772,117.84339212817876,1373.5018776640522,1373.8144926490108,0.3784686043936811,0.41010835916586735,-0.220657697789147,-0.9820981258746677,0.0,-0.0041249145370080235,0.0,-0.01958155713555054
scen08,0,live_000249,249,249,1784644565.078,0,vehicle,scen08#seg0:0:6,6,True,0.863606396633191,True,19.172700881958008,18.973262786865234,-0.19943809509277344,-2.635200023651123,-2.5796189308166504,0.055581092834472656,0.7771999835968018,0.787035346031189,0.009835362434387207,0.048766001000294656,0.02744057155736603,-0.02132542944292881,4.023099899291992,3.8102059364318848,-0.21289396286010742,0.2013999968767166,0.18916527926921844,-0.012234717607498169,4.028137877285878,3.8148987903877316,0.2132452291077482,0.2070381888804778,0.20727167198902063,140.49753126760902,140.42720345639484,1364.9716866427887,1364.776959113598,0.5968702225209987,0.606705584955386,1.5447722246331654,1.523446795190237,0.09977064111459688,0.09606363504205767,4.0269021067809385,3.813689100978773
scen08,0,live_000249,249,249,1784644565.078,0,vehicle,scen08#seg0:0:1,1,True,0.6697245528346443,True,32.311500549316406,31.88894271850586,-0.4225578308105469,-2.071199893951416,-2.0255017280578613,0.04569816589355469,0.7050999999046326,0.7694576978683472,0.0643576979637146,0.00674800015809259,0.03934942415649469,0.03260142399840227,4.066299915313721,3.9120216369628906,-0.15427827835083008,-0.06870000064373016,0.14519242942333221,0.21389243006706238,4.0668802160094195,3.9147150764299137,0.2637266744394457,0.4250216967936456,0.4298666723910314,140.91684413840622,140.83970003100166,1378.1158994211053,1377.6979374258976,0.5247702388288296,0.5891279367925442,1.502754223790963,1.5353556477893653,0.3723435029082096,0.1475212695785964,4.0497993786372755,3.9119345092485354
scen08,0,live_000249,249,249,1784644565.078,1,pedestrian,scen08#seg0:1:5,5,True,0.699008560894363,True,15.13759994506836,15.446507453918457,0.30890750885009766,12.436699867248535,12.82258415222168,0.38588428497314453,0.5026000142097473,0.5017579793930054,-0.0008420348167419434,0.012147000019209328,-0.4381634929728226,-0.4503104929920321,0.0,0.034507859498262405,0.034507859498262405,0.0,-0.0029553479980677366,-0.0029553479980677366,0.0,0.03463418035613809,0.03463418035613809,0.4942980178123398,0.4942987350133933,125.16626016495923,124.80453630264405,1362.0740441063042,1362.410921499201,0.3222702531339443,0.32142821831720236,1.50815322365208,1.057842730660048,0.0,0.005525527417605863,0.0,0.03419056881215619
scen08,0,live_000249,249,249,1784644565.078,1,pedestrian,scen08#seg0:1:8,8,True,0.1050269915639177,True,17.786100387573242,18.103992462158203,0.31789207458496094,26.243200302124023,26.318510055541992,0.07530975341796875,0.4675000011920929,0.4810047149658203,0.013504713773727417,-2.720313021227374,-1.064525011393429,1.6557880098339446,0.0,0.007017239462584257,0.007017239462584257,0.0,-0.0018325136043131351,-0.0018325136043131351,0.0,0.007252568909375664,0.007252568909375664,0.3266908784214913,0.32696988750940953,111.59625248486854,111.54490628068716,1365.746767947603,1366.0693985372254,0.2871702401162899,0.3006749538900173,-1.2243067975945034,0.4314812122394418,0.0,0.002351721787306682,0.0,0.006860696788253331
scen08,0,live_000249,249,249,1784644565.078,1,pedestrian,scen08#seg0:1:7,7,True,0.35656938279597483,True,25.993200302124023,26.169849395751953,0.1766490936279297,20.501699447631836,20.60932731628418,0.10762786865234375,0.5587000250816345,0.5495613813400269,-0.009138643741607666,-1.7166940024208919,-2.461298737647947,-0.7446047352270551,0.0,-0.021777020767331123,-0.021777020767331123,0.0,0.00793073233217001,0.00793073233217001,0.0,0.02317617632020644,0.02317617632020644,0.20685420080388803,0.20705597117603552,117.9349408885003,117.8408131817402,1373.5019178746657,1373.6861151472033,0.3783702640058315,0.36923162026422385,-0.22068777878802148,-0.9652925140150765,0.0,-0.009535749834898627,0.0,-0.02112355613791221
scen08,0,live_000250,250,250,1784644565.214,0,vehicle,scen08#seg0:0:6,6,True,0.8706291552047958,True,19.229799270629883,19.010345458984375,-0.2194538116455078,-2.735100030899048,-2.690703868865967,0.044396162033081055,0.7767000198364258,0.7661130428314209,-0.010586977005004883,0.04221799978576687,0.009071650361283093,-0.03314634942448391,4.026800155639648,3.8096425533294678,-0.21715760231018066,0.17479999363422394,0.11937624216079712,-0.05542375147342682,4.030592330071849,3.811512438826758,0.2241187552805315,0.2238995190906171,0.22414967930183194,140.51183202429223,140.45257266844632,1365.5548397104408,1365.338924626684,0.5967212698470008,0.5861342928419959,1.5447622135306878,1.5116158641062043,0.10023127566415585,0.14071602496229463,4.029345880240707,3.808914027862786
scen08,0,live_000250,250,250,1784644565.214,0,vehicle,scen08#seg0:0:1,1,True,0.7088895516520637,True,32.37810134887695,32.41279220581055,0.03469085693359375,-2.2943999767303467,-2.259415626525879,0.03498435020446777,0.7020999789237976,0.717762291431427,0.015662312507629395,-0.008393999946656542,0.007321337636180867,0.015715337582837385,4.063300132751465,3.946448564529419,-0.1168515682220459,-0.12960000336170197,0.08053958415985107,0.21013958752155304,4.065366420101567,3.9472703096054813,0.24044320585052906,0.04926824853813979,0.05169785631051406,140.9688608680372,140.93632385733144,1378.7025843350739,1378.739580324699,0.5221212289343726,0.537783541442002,1.4941502137982647,1.5098655513811021,0.4064118137100672,0.18879231230971344,4.045001059006823,3.942752891052862
scen08,0,live_000250,250,250,1784644565.214,1,pedestrian,scen08#seg0:1:5,5,True,0.6404743095248122,True,14.710599899291992,15.260669708251953,0.5500698089599609,12.337300300598145,12.933130264282227,0.595829963684082,0.5023000240325928,0.5099037289619446,0.007603704929351807,0.005607000221172696,-0.11699392315778927,-0.122600923378962,0.0,-0.0036847516894340515,-0.0036847516894340515,0.0,0.0068114520981907845,0.0068114520981907845,0.0,0.007744241389492888,0.007744241389492888,0.8109193180292491,0.8109549658776837,125.1663188438404,124.60939041920442,1362.074086927005,1362.6635111122785,0.3223212740431678,0.3299249789725196,1.5081512139660944,1.3855502905871315,0.0,-0.0070468900668015835,0.0,-0.0032116374460931787
scen08,0,live_000250,250,250,1784644565.214,1,pedestrian,scen08#seg0:1:8,8,True,0.07816749634865117,True,17.449199676513672,18.101011276245117,0.6518115997314453,26.126300811767578,26.132793426513672,0.00649261474609375,0.46720001101493835,0.47419875860214233,0.0069987475872039795,-2.726924006509536,-1.088216783266034,1.638707223243502,0.0,0.012789646163582802,0.012789646163582802,0.0,-0.0017697359435260296,-0.0017697359435260296,0.0,0.012911507049893758,0.012911507049893758,0.651843934995722,0.6518815061485458,111.59619300457652,111.63416849369008,1365.746708408096,1366.3974452042107,0.2872212610255134,0.29422000861271735,-1.2243797927646147,0.4143274304788873,0.0,0.002637858323308465,0.0,0.012639173935254175
scen08,0,live_000250,250,250,1784644565.214,1,pedestrian,scen08#seg0:1:7,7,True,0.5349104866682808,True,25.61870002746582,25.817371368408203,0.1986713409423828,20.331300735473633,20.477800369262695,0.1464996337890625,0.5583999752998352,0.526333212852478,-0.03206676244735718,-1.7232109923867927,-2.5156258175026744,-0.7924148251158818,0.0,-0.025166543200612068,-0.025166543200612068,0.0,0.012030118145048618,0.012030118145048618,0.0,0.027894061003233314,0.027894061003233314,0.24684498052861828,0.24891910667128223,117.934853605132,117.80224427585834,1373.5019739521906,1373.710173880629,0.3784212253104102,0.34635446286305305,-0.22066677864187145,-1.0130816037577532,0.0,-0.01371844524208625,0.0,-0.024287505005495782
scen08,0,live_000251,251,251,1784644565.28,0,vehicle,scen08#seg0:0:6,6,True,0.8751239774392197,True,19.18269920349121,19.02920913696289,-0.1534900665283203,-2.790299892425537,-2.724377393722534,0.06592249870300293,0.7759000062942505,0.7646125555038452,-0.011287450790405273,0.03892000123230943,0.015368278461972211,-0.023551722770337236,4.028600215911865,3.7639083862304688,-0.2646918296813965,0.16110000014305115,0.14272654056549072,-0.018373459577560425,4.031820049269463,3.766613492955953,0.265328755917887,0.16704782655908942,0.16742873977743916,140.51729093819355,140.4415494715946,1365.7741390353926,1365.6252491210412,0.5961032035668665,0.5848157527764613,1.5447945772640814,1.5212428544937442,0.10059947608405914,0.10176204064624775,4.0305648059673755,3.7652385970083433
scen08,0,live_000251,251,251,1784644565.28,0,vehicle,scen08#seg0:0:1,1,True,0.7381580737245343,True,32.33449935913086,32.53759002685547,0.20309066772460938,-2.4084999561309814,-2.387317657470703,0.02118229866027832,0.7002999782562256,0.7175699472427368,0.01726996898651123,-0.015691000082107255,-0.01258235653107798,0.0031086435510294663,4.061999797821045,3.9485912322998047,-0.11340856552124023,-0.15309999883174896,0.028710506856441498,0.18181050568819046,4.0648840041433525,3.948695609058622,0.21428150342990637,0.20419233358126088,0.20492135301660483,140.98953355167723,140.9815716188391,1378.9230023109478,1379.1270393583652,0.5205031755288416,0.5377731445153529,1.4901835759496649,1.4932922195006944,0.4163043936626752,0.2275193923077508,4.043509938031271,3.9421354541825115
scen08,0,live_000251,251,251,1784644565.28,1,pedestrian,scen08#seg0:1:5,5,True,0.7256241921393425,True,14.494500160217285,14.765556335449219,0.2710561752319336,12.288299560546875,12.628630638122559,0.3403310775756836,0.5022000074386597,0.49363696575164795,-0.008563041687011719,0.0023100001188133775,-0.028361983580598205,-0.030671983699411598,0.0,-0.03572416305541992,-0.03572416305541992,0.0,0.006902833469212055,0.006902833469212055,0.0,0.03638495480159215,0.03638495480159215,0.4350823973630635,0.4351666556368079,125.16630489419771,124.84427586653639,1362.074058062011,1362.3666225811153,0.3224032047112757,0.313840163024264,1.5081845761505859,1.4775125924511743,0.0,-0.009205937757191682,0.0,-0.03520107449957482
scen08,0,live_000251,251,251,1784644565.28,1,pedestrian,scen08#seg0:1:8,8,True,0.09255963760247887,True,17.27910041809082,16.23583984375,-1.0432605743408203,26.06800079345703,26.23514747619629,0.1671466827392578,0.46700000762939453,0.4421595335006714,-0.024840474128723145,-2.730199002255316,-1.2591902307200877,1.471008771535228,0.0,0.0021623065695166588,0.0021623065695166588,0.0,0.002125905593857169,0.002125905593857169,0.0,0.003032333143730765,0.003032333143730765,1.0565654923026193,1.05685745901688,111.59628719463824,111.3618099015784,1365.746766095337,1364.7165471678445,0.28720320490201057,0.2623627307732874,-1.2243244262235438,0.2466843453116847,0.0,-0.001981144862551589,0.0,0.002295671868572151
scen08,0,live_000251,251,251,1784644565.28,1,pedestrian,scen08#seg0:1:7,7,True,0.6131777651478387,True,25.42919921875,25.624814987182617,0.1956157684326172,20.245800018310547,20.417987823486328,0.17218780517578125,0.5583000183105469,0.5365869998931885,-0.0217130184173584,-1.7265460082658743,-2.5588297030660776,-0.8322836948002035,0.0,-0.0275487769395113,-0.0275487769395113,0.0,0.0161727461963892,0.0161727461963892,0.0,0.03194515347272213,0.03194515347272213,0.26060347102587894,0.2615064516977137,117.93496954483868,117.77583528255447,1373.50197327438,1373.7083478262948,0.3785032155831629,0.3567901971658045,-0.22067143223410213,-1.0529551270343052,0.0,-0.017925934160703896,0.0,-0.026441514988023662
scen08,0,live_000252,252,252,1784644565.424,0,vehicle,scen08#seg0:0:6,6,True,0.8725444233190771,True,19.227800369262695,18.94462776184082,-0.283172607421875,-2.909899950027466,-2.8156187534332275,0.09428119659423828,0.7767999768257141,0.7690635919570923,-0.007736384868621826,0.03151599780831236,0.012437007056871131,-0.01907899075144126,4.032400131225586,3.826225757598877,-0.20617437362670898,0.13249999284744263,0.14069288969039917,0.008192896842956543,4.034576442008838,3.828811569837635,0.2063370928821212,0.2984554734384088,0.2985557255792965,140.53275484465112,140.42233204558974,1366.3997272244903,1366.1224503320657,0.5974870830081042,0.5897506981394823,1.5447258997848001,1.5256469090333589,0.09980282955617359,0.07975722954659742,4.033341847850895,3.8279807760303064
scen08,0,live_000252,252,252,1784644565.424,0,vehicle,scen08#seg0:0:1,1,True,0.6875194715085478,True,32.386600494384766,31.75786018371582,-0.6287403106689453,-2.6726999282836914,-2.5072853565216064,0.16541457176208496,0.6995000243186951,0.7572553157806396,0.05775529146194458,-0.029291999892704174,0.01434214444362697,0.04363414433633128,4.059299945831299,3.8019375801086426,-0.25736236572265625,-0.20149999856948853,0.10303688794374466,0.3045368865132332,4.064298008223497,3.803333533010153,0.3987205820340055,0.6501356464702699,0.6526959724888534,141.05329752064554,140.8519702482804,1379.5503667490798,1378.9321890333595,0.5201871305010851,0.5779424219630297,1.4839179020837836,1.5275520464201149,0.4347973773547601,0.1159529148070973,4.040973835636023,3.8015655833968234
scen08,0,live_000252,252,252,1784644565.424,1,pedestrian,scen08#seg0:1:5,5,True,0.7438306348096937,True,14.024900436401367,14.421854019165039,0.3969535827636719,12.18220043182373,12.48964786529541,0.3074474334716797,0.5016000270843506,0.5149208307266235,0.01332080364227295,-0.00508899987215098,-0.33673680482781027,-0.33164780495565926,0.0,-0.037191927433013916,-0.037191927433013916,0.0,-0.020693723112344742,-0.020693723112344742,0.0,0.04256136325862887,0.04256136325862887,0.5020916960249773,0.5022683695266049,125.16622089656477,124.88212960576946,1362.0740716591974,1362.4880622505295,0.32228713326674063,0.3356079369090136,1.508120902104337,1.176473097148678,0.0,0.01851885378397059,0.0,-0.038321295606501646
scen08,0,live_000252,252,252,1784644565.424,1,pedestrian,scen08#seg0:1:8,8,True,0.09010056758266671,True,16.910499572753906,16.146743774414062,-0.7637557983398438,25.94099998474121,26.139854431152344,0.1988544464111328,0.46650001406669617,0.4415075480937958,-0.02499246597290039,-2.7375289904711715,-1.218469222988356,1.5190597674828155,0.0,0.004682058934122324,0.004682058934122324,0.0,0.0016741639701649547,0.0016741639701649547,0.0,0.004972373765274807,0.004972373765274807,0.7892186074562676,0.7896142309448435,111.59630799025491,111.35382551184235,1365.746769744835,1364.9957249671963,0.2871871202490862,0.2621946542761858,-1.2243190884946835,0.29474067898813194,0.0,-0.0014019147699795998,0.0,0.004770653607138775
scen08,0,live_000252,252,252,1784644565.424,1,pedestrian,scen08#seg0:1:7,7,True,0.6238608399573877,True,25.0177001953125,25.276304244995117,0.2586040496826172,20.059200286865234,20.2531681060791,0.1939678192138672,0.557699978351593,0.5149911642074585,-0.04270881414413452,-1.733806995645144,-2.4731351963789985,-0.7393282007338544,0.0,-0.0279717855155468,-0.0279717855155468,0.0,0.019155094400048256,0.019155094400048256,0.0,0.03390189414181033,0.03390189414181033,0.323263931490714,0.32607301668250815,117.93496448778201,117.75620205056795,1373.502006906051,1373.771346023975,0.37838708453398306,0.33567827038984854,-0.2205970936686561,-0.9599252944025105,0.0,-0.020733247135172855,0.0,-0.02682295452843255
scen08,0,live_000253,253,253,1784644565.49,0,vehicle,scen08#seg0:0:6,6,True,0.8755778869439439,True,19.209299087524414,18.984071731567383,-0.22522735595703125,-2.9677000045776367,-2.892427921295166,0.0752720832824707,0.7748000025749207,0.7726979851722717,-0.0021020174026489258,0.028134999573555315,0.016043897511079864,-0.012091102062475656,4.038000106811523,3.898240089416504,-0.13976001739501953,0.11800000071525574,0.13215520977973938,0.014155209064483643,4.0397238597184675,3.900479559516486,0.14047502413566407,0.23747262661847673,0.2374819295656819,140.53866404502435,140.45129142192977,1366.6345534838374,1366.413738463681,0.595754702477169,0.5936526850745201,1.5446872758255683,1.5325961737630927,0.10110364041224618,0.0793918193287241,4.038458482722593,3.899671490424494
scen08,0,live_000253,253,253,1784644565.49,0,vehicle,scen08#seg0:0:1,1,True,0.7411220462044312,True,32.37030029296875,31.996217727661133,-0.3740825653076172,-2.7920000553131104,-2.6686415672302246,0.12335848808288574,0.6960999965667725,0.7472063302993774,0.05110633373260498,-0.03777800210499333,-0.013523805383688456,0.02425419672130502,4.0569000244140625,3.8099396228790283,-0.24696040153503418,-0.22939999401569366,0.033479440957307816,0.2628794349730015,4.063380632594641,3.8100867185604064,0.3606868964324457,0.39389729911389737,0.3971988665603309,141.07677848819625,140.93331963776433,1379.7857228633234,1379.4188786995674,0.5170546964690208,0.5681610302016258,1.4787742741470193,1.5030284708683244,0.4490173680190139,0.17313502471727352,4.038495458529389,3.806150951573854
scen08,0,live_000253,253,253,1784644565.49,1,pedestrian,scen08#seg0:1:5,5,True,0.7381705525920097,True,13.822099685668945,14.228142738342285,0.40604305267333984,12.13479995727539,12.559395790100098,0.42459583282470703,0.5013999938964844,0.5026994347572327,0.001299440860748291,-0.00836800006093419,-0.4133374302332346,-0.40496943017230036,0.0,0.0008377956692129374,0.0008377956692129374,0.0,-0.024574195966124535,-0.024574195966124535,0.0,0.024588473091366272,0.024588473091366272,0.5874968781843791,0.5874983152511518,125.16629733157485,124.76434063473027,1362.0740969145506,1362.5025632443107,0.32235469379873266,0.32365413465948095,1.5081842761910789,1.103214846018778,0.0,0.024583474211322596,0.0,-0.0004957869160033852
scen08,0,live_000253,253,253,1784644565.49,1,pedestrian,scen08#seg0:1:8,8,True,0.07707027554866652,True,16.753599166870117,16.14093589782715,-0.6126632690429688,25.883899688720703,25.994260787963867,0.11036109924316406,0.46619999408721924,0.45263925194740295,-0.013560742139816284,-2.7409230195187844,-1.222323855701022,1.518599163817762,0.0,0.008564782328903675,0.008564782328903675,0.0,9.397210669703782e-05,9.397210669703782e-05,0.0,0.008565297840608797,0.008565297840608797,0.622523777425872,0.6226714600718096,111.59635886865763,111.45294305178837,1365.746725774938,1365.1409471380316,0.2871546939894675,0.27359395184965124,-1.2243707432667714,0.29422842055099085,0.0,0.0003705267955133226,0.0,0.008557279765915355
scen08,0,live_000253,253,253,1784644565.49,1,pedestrian,scen08#seg0:1:7,7,True,0.6772892746328125,True,24.841100692749023,25.106807708740234,0.26570701599121094,19.975099563598633,20.215925216674805,0.24082565307617188,0.5575000047683716,0.54915851354599,-0.008341491222381592,-1.7371760065701936,-2.4422322943094184,-0.7050562877392248,0.0,-0.029731063172221184,-0.029731063172221184,0.0,0.02513841539621353,0.02513841539621353,0.0,0.03893425286278385,0.03893425286278385,0.35860453639980394,0.3587015388903864,117.93495178212794,117.70888630459099,1373.5019717237808,1373.780344878723,0.37845470467061987,0.3701132134482383,-0.22062373031818083,-0.9256800180574052,0.0,-0.026713383133940814,0.0,-0.028324392447543846
scen08,0,live_000254,254,254,1784644565.595,0,vehicle,scen08#seg0:0:6,6,True,0.7848661888956485,True,19.24220085144043,18.968507766723633,-0.2736930847167969,-3.077500104904175,-2.983210802078247,0.09428930282592773,0.7738000154495239,0.7740253806114197,0.00022536516189575195,0.021803000380384636,-0.005929841498497333,-0.02773284187888203,4.0472002029418945,3.942161798477173,-0.10503840446472168,0.09260000288486481,0.05399109050631523,-0.038608912378549576,4.048259409082771,3.942531506941554,0.11190940321326436,0.2894794936592146,0.28947958138468327,140.54995099045888,140.4426485880642,1367.0922082013929,1366.8233502989806,0.5953303352190392,0.595555700380935,1.544638470628989,1.5169056287501075,0.10153925925540157,0.13506797445495786,4.04698579464483,3.9402171673022632
scen08,0,live_000254,254,254,1784644565.595,0,vehicle,scen08#seg0:0:1,1,True,0.7450183514723463,True,32.40610122680664,32.080142974853516,-0.325958251953125,-3.0220999717712402,-2.8598532676696777,0.1622467041015625,0.6937000155448914,0.7598375082015991,0.06613749265670776,-0.05022399824117101,-0.03231069507127757,0.017913303169893258,4.053699970245361,3.815592050552368,-0.23810791969299316,-0.2709999978542328,0.006863327231258154,0.27786332508549094,4.062748385957988,3.8155982232802117,0.3659281471110006,0.36410544490319957,0.3700634309724118,141.1257244834551,140.9480371027959,1380.2436274081583,1379.925822484089,0.5152303353144067,0.5813678279711144,1.4726114720074337,1.4905247751773274,0.465032770742421,0.17607347888728855,4.036046205104676,3.81153354065416
scen08,0,live_000254,254,254,1784644565.595,1,pedestrian,scen08#seg0:1:5,5,True,0.7899959670918122,True,13.492300033569336,13.640968322753906,0.1486682891845703,12.047900199890137,12.229843139648438,0.18194293975830078,0.5008000135421753,0.4758245348930359,-0.024975478649139404,-0.014697999753385768,-0.04177688221221765,-0.02707888245883172,0.0,-0.010801010765135288,-0.010801010765135288,0.0,-0.012240747921168804,-0.012240747921168804,0.0,0.016324758596015034,0.016324758596015034,0.23495849322158943,0.23628217891054185,125.16627894782387,124.99167274976239,1362.0740682790436,1362.2312884085927,0.3223303333116906,0.2973548546625512,1.5081374704952184,1.4810585880363867,0.0,0.011708845114456199,0.0,-0.011375442378379926
scen08,0,live_000254,254,254,1784644565.595,1,pedestrian,scen08#seg0:1:8,8,True,0.10999844789686009,True,16.510099411010742,16.09213638305664,-0.41796302795410156,25.778400421142578,25.965702056884766,0.1873016357421875,0.4657000005245209,0.45346134901046753,-0.012238651514053345,-2.747190995230168,-1.106395605526776,1.640795389703392,0.0,0.00882401131093502,0.00882401131093502,0.0,-0.0013981859665364027,-0.0013981859665364027,0.0,0.008934097582438223,0.008934097582438223,0.4580120036508434,0.45817549048278716,111.59624820976495,111.38912377179565,1365.7466716031768,1365.338168894882,0.28723032029403617,0.2749916687799828,-1.2243555249815634,0.41643986472182837,0.0,0.0018196231031971791,0.0,0.008746832076520022
scen08,0,live_000254,254,254,1784644565.595,1,pedestrian,scen08#seg0:1:7,7,True,0.6413629075173546,True,24.560400009155273,24.835363388061523,0.27496337890625,19.81879997253418,20.098308563232422,0.2795085906982422,0.5569999814033508,0.5398736596107483,-0.01712632179260254,-1.7435229962467662,-2.4268212594755414,-0.6832982632287754,0.0,-0.03301047161221504,-0.03301047161221504,0.0,0.02996494062244892,0.02996494062244892,0.0,0.04458238332085606,0.04458238332085606,0.39208406243261085,0.39245792502101834,117.93494701401545,117.66894225466295,1373.5019971731663,1373.790044703993,0.3785303011728661,0.3614039793802636,-0.22068752599816177,-0.9039857892269367,0.0,-0.0315130874959087,0.0,-0.031535919505271244
scen08,0,live_000255,255,255,1784644565.673,0,vehicle,scen08#seg0:0:6,6,True,0.8766682663013654,True,19.225900650024414,19.004653930664062,-0.22124671936035156,-3.1770999431610107,-3.06534481048584,0.1117551326751709,0.7735999822616577,0.7598379254341125,-0.013762056827545166,0.016383999319157832,-0.007880860100354423,-0.024264859419512064,4.052700042724609,3.9428460597991943,-0.10985398292541504,0.07020000368356705,0.05086245387792587,-0.019337549805641174,4.053307991852732,3.943174107300934,0.1115429890090051,0.24786956349451866,0.24825131362207895,140.5580754879517,140.43702961048243,1367.4143889958132,1367.1980854682076,0.5956383162644898,0.5818762594369447,1.5447196078315848,1.5204547484120727,0.10189212080330118,0.11654916373218989,4.05202710658942,3.9414512977990537
scen08,0,live_000255,255,255,1784644565.673,0,vehicle,scen08#seg0:0:1,1,True,0.7356886824768551,True,32.390201568603516,32.133270263671875,-0.2569313049316406,-3.222100019454956,-3.0314555168151855,0.1906445026397705,0.692799985408783,0.7475470900535583,0.05474710464477539,-0.05866000098953221,-0.049963488537395594,0.008696512452136762,4.051499843597412,3.8179924488067627,-0.23350739479064941,-0.29910001158714294,-0.018267938867211342,0.2808320727199316,4.0625252983336955,3.8180361518372132,0.36522918351370715,0.3199359652190437,0.32458630178679315,141.16183273152538,140.9604538508445,1380.564914493777,1380.3163072367302,0.5148383194116151,0.5695854240563905,1.4696756075228947,1.478372119975031,0.470808332257898,0.18031746665080284,4.03515195672701,3.8137757757839608
scen08,0,live_000255,255,255,1784644565.673,1,pedestrian,scen08#seg0:1:5,5,True,0.7603021357631405,True,13.237099647521973,13.30050277709961,0.06340312957763672,11.974100112915039,12.062649726867676,0.08854961395263672,0.5002999901771545,0.4868922531604767,-0.013407737016677856,-0.020218999029091897,-0.16451295623086223,-0.14429395720177052,0.0,-0.016575610265135765,-0.016575610265135765,0.0,-0.015002524480223656,-0.015002524480223656,0.0,0.022356802017314197,0.022356802017314197,0.10890817678852029,0.10973038951588562,125.1663191356561,125.08054066686506,1362.07412336774,1362.1412281012783,0.32233832417998665,0.3089305871633088,1.5081166094833343,1.3638226522815646,0.0,0.014285401540272885,0.0,-0.017197496889796295
scen08,0,live_000255,255,255,1784644565.673,1,pedestrian,scen08#seg0:1:8,8,True,0.09286950958319551,True,16.330400466918945,16.139144897460938,-0.1912555694580078,25.68779945373535,25.87152671813965,0.18372726440429688,0.4650999903678894,0.4624374508857727,-0.0026625394821166992,-2.7526640051532936,-1.265501182716183,1.48716282243711,0.0,0.007050623185932636,0.007050623185932636,0.0,0.0015784495044499636,0.0015784495044499636,0.0,0.007225149835685708,0.007225149835685708,0.2652063357730981,0.2652197007212833,111.5962845495707,111.4046044735062,1365.7467546999244,1365.563470360784,0.2871383243707215,0.2844757848886048,-1.224328396640867,0.2628344257962434,0.0,-0.0012777422397312556,0.0,0.00711127027449497
scen08,0,live_000255,255,255,1784644565.673,1,pedestrian,scen08#seg0:1:7,7,True,0.6554509258479158,True,24.34760093688965,24.64215850830078,0.2945575714111328,19.684099197387695,19.996885299682617,0.3127861022949219,0.5564000010490417,0.546474277973175,-0.0099257230758667,-1.7490090086259198,-2.5040211688350076,-0.7550121602090876,0.0,-0.03497937321662903,-0.03497937321662903,0.0,0.0332038514316082,0.0332038514316082,0.0,0.048229164418643354,0.048229164418643354,0.4296502166466042,0.42976485273117987,117.93488735529732,117.6348865418313,1373.50188426783,1373.8094534805027,0.37843833505187385,0.36851261197600715,-0.22067340011349312,-0.9756855603225807,0.0,-0.03465872716366371,0.0,-0.033538409800037534
scen08,0,live_000256,256,256,1784644565.786,0,vehicle,scen08#seg0:0:6,6,True,0.877067337061213,True,19.209800720214844,19.05589485168457,-0.15390586853027344,-3.3224000930786133,-3.206387758255005,0.1160123348236084,0.7724999785423279,0.7527573108673096,-0.01974266767501831,0.008503999794497905,-0.018566405998180047,-0.027070405792677832,4.066299915313721,3.8529622554779053,-0.21333765983581543,0.03869999945163727,0.024775059893727303,-0.013924939557909966,4.0664840699599365,3.8530419081201446,0.2137916299716,0.19273265991855879,0.19374119625471772,140.56936225657776,140.44808376584058,1367.8646213904096,1367.7148301827779,0.5947695700908906,0.5750269024158723,1.5446234817278253,1.5175530759351465,0.1023014596397447,0.10882163339624686,4.065197055813347,3.8515048744400024
scen08,0,live_000256,256,256,1784644565.786,0,vehicle,scen08#seg0:0:1,1,True,0.7324845559697764,True,32.3734016418457,32.185508728027344,-0.18789291381835938,-3.509399890899658,-3.306246042251587,0.2031538486480713,0.6898000240325928,0.7240340709686279,0.034234046936035156,-0.07187399727776095,-0.06386716005778866,0.008006837219972418,4.0472002029418945,3.824345350265503,-0.2228548526763916,-0.34369999170303345,-0.07590112835168839,0.26779886335134506,4.061767985371589,3.825098474468655,0.3483970674011028,0.27672230355299676,0.27883185480374284,141.21263030267573,141.00308435867305,1381.0138253347257,1380.833088701373,0.5120696155811555,0.5463036625171906,1.4642454846555655,1.472252321875538,0.48380937394628665,0.2084451518610449,4.032851058081774,3.8194147402511893
scen08,0,live_000256,256,256,1784644565.786,1,pedestrian,scen08#seg0:1:5,5,True,0.7226948240222839,True,12.888699531555176,13.130538940429688,0.24183940887451172,11.870699882507324,12.154526710510254,0.2838268280029297,0.5001000165939331,0.4781207740306854,-0.02197924256324768,-0.02800399976022919,-0.19807537051097734,-0.17007137075074796,0.0,-0.015961453318595886,-0.015961453318595886,0.0,-0.013633676804602146,-0.013633676804602146,0.0,0.020991549138976433,0.020991549138976433,0.3728859986362828,0.37353320479260205,125.1662441741967,124.8909725246901,1362.0740635204243,1362.325597786394,0.3223696081424958,0.30039036557924814,1.508115482173098,1.3380441114223496,0.0,0.01307209857031533,0.0,-0.016424535738401316
scen08,0,live_000256,256,256,1784644565.786,1,pedestrian,scen08#seg0:1:8,8,True,0.08916888188558669,True,16.088600158691406,15.982645988464355,-0.10595417022705078,25.559900283813477,25.8806209564209,0.3207206726074219,0.4648999869823456,0.4760673940181732,0.011167407035827637,-2.7604289851526453,-1.4404310892877266,1.319997895864919,0.0,0.004043258260935545,0.004043258260935545,0.0,0.000631671049632132,0.000631671049632132,0.0,0.004092303224293978,0.004092303224293978,0.3377692052663474,0.3379537645983009,111.59621368798437,111.27201240670878,1365.7466435745464,1365.6518724542325,0.2871695785309083,0.29833698556673593,-1.2243095032193185,0.09568839264560047,0.0,-0.0004911119590432157,0.0,0.00406272749803031
scen08,0,live_000256,256,256,1784644565.786,1,pedestrian,scen08#seg0:1:7,7,True,0.6453418933004649,True,24.05900001525879,24.37902069091797,0.3200206756591797,19.493900299072266,19.815481185913086,0.3215808868408203,0.5562000274658203,0.523718535900116,-0.032481491565704346,-1.756764989930227,-2.600612991777632,-0.8438480018474053,0.0,-0.03513133153319359,-0.03513133153319359,0.0,0.033859733492136,0.033859733492136,0.0,0.048792335540058324,0.048792335540058324,0.45368215705567083,0.4548434312211393,117.93489983609412,117.6246073611467,1373.5019441879467,1373.8329216488437,0.37846961901438303,0.3459881274486787,-0.22064550799689986,-1.0644935098443051,0.0,-0.035057377240483203,0.0,-0.03393629780149993
scen08,0,live_000257,257,257,1784644565.881,0,vehicle,scen08#seg0:0:6,6,True,0.879072693814134,True,19.184999465942383,18.983173370361328,-0.2018260955810547,-3.4309000968933105,-3.3186120986938477,0.11228799819946289,0.7735000252723694,0.7457171678543091,-0.027782857418060303,0.002838000114825845,-0.016687518537889825,-0.01952551865271568,4.072199821472168,3.875187397003174,-0.19701242446899414,0.015599999576807022,0.0035669775679707527,-0.01203302200883627,4.072229702016422,3.8751890386433026,0.19737955571389926,0.23095966616951888,0.23262470755155798,140.57829768992355,140.46021560512236,1368.2192295553452,1368.0207377705124,0.5957576918162147,0.5679748343981544,1.544688919581973,1.525163400929257,0.10226155882714064,0.10858773173503956,4.070945506828973,3.873667356619286
scen08,0,live_000257,257,257,1784644565.881,0,vehicle,scen08#seg0:0:1,1,True,0.7313726898965669,True,32.345699310302734,32.202022552490234,-0.1436767578125,-3.7260000705718994,-3.5916624069213867,0.1343376636505127,0.6904000043869019,0.6884147524833679,-0.0019852519035339355,-0.0796529957958958,-0.08319896995061181,-0.003545974154715914,4.044300079345703,3.822997570037842,-0.22130250930786133,-0.37290000915527344,-0.19498667120933533,0.1779133379459381,4.061455102376938,3.827966852320503,0.28395062325168724,0.19669676817525514,0.196706786450571,141.25416267489481,141.11572308224854,1381.365875930368,1381.2261472726111,0.5126576709307472,0.5106724190272133,1.4621979236712512,1.4586519495165353,0.4897913725214157,0.30554776370050146,4.031813730819822,3.8157529776653734
scen08,0,live_000257,257,257,1784644565.881,1,pedestrian,scen08#seg0:1:5,5,True,0.7394165572026168,True,12.596400260925293,12.570359230041504,-0.026041030883789062,11.796799659729004,11.771320343017578,-0.02547931671142578,0.5,0.4865669310092926,-0.013433068990707397,-0.033668999518178234,-0.377221718911143,-0.3435527193929646,0.0,0.0035303905606269836,0.0035303905606269836,0.0,-0.012154871597886086,-0.012154871597886086,0.0,0.012657194044165631,0.012657194044165631,0.03643255233402674,0.038830119908142204,125.166293591827,125.19100857253673,1362.074100667971,1362.0473331391704,0.32225766654384536,0.30882459755313796,1.508181919948969,1.1646292005560035,0.0,0.012251954379055784,0.0,0.0031771331362090835
scen08,0,live_000257,257,257,1784644565.881,1,pedestrian,scen08#seg0:1:8,8,True,0.08346501329278144,True,15.874799728393555,15.959543228149414,0.08474349975585938,25.467500686645508,25.80982208251953,0.34232139587402344,0.4648999869823456,0.46462398767471313,-0.0002759993076324463,-2.766186999621145,-1.223900398067495,1.5422866015536503,0.0,0.003681858768686652,0.003681858768686652,0.0,0.0031410043593496084,0.0031410043593496084,0.0,0.004839627297427772,0.004839627297427772,0.3526547870425286,0.3526548950456083,111.59620042943602,111.25647502085462,1365.7467756058957,1365.84139085619,0.28715765352619094,0.2868816542185585,-1.2243360801539978,0.3179505213996521,0.0,-0.0030331306063759883,0.0,0.0037712214337894917
scen08,0,live_000257,257,257,1784644565.881,1,pedestrian,scen08#seg0:1:7,7,True,0.6289808499271743,True,23.810100555419922,24.160316467285156,0.3502159118652344,19.355899810791016,19.693044662475586,0.3371448516845703,0.5561000108718872,0.5262739658355713,-0.029826045036315918,-1.7624449968383695,-2.5394271660482803,-0.7769821692099108,0.0,-0.034300293773412704,-0.034300293773412704,0.0,0.0355764739215374,0.0355764739215374,0.0,0.04941857595714637,0.04941857595714637,0.4861253294583697,0.48703945312830343,117.93489966477325,117.60803176611302,1373.501874347052,1373.86170098971,0.37835767741573256,0.34853163237941664,-0.2205940773712225,-0.9975762465811333,0.0,-0.03655426866749212,0.0,-0.03325629401808099
scen08,0,live_000258,258,258,1784644565.999,0,vehicle,scen08#seg0:0:6,6,True,0.8808974114678314,True,19.235000610351562,19.034677505493164,-0.20032310485839844,-3.4749999046325684,-3.424304246902466,0.05069565773010254,0.7730000019073486,0.7668566703796387,-0.006143331527709961,0.0005580000415925228,-0.0398839231237646,-0.040441923165357,4.08489990234375,3.862339973449707,-0.22255992889404297,0.006500000134110451,-0.07345923781394958,-0.07995923794806004,4.0849050738260395,3.8630384841634298,0.2364876353692851,0.20663832183986736,0.20672962191001065,140.5910613220611,140.53503867841957,1368.7262716587654,1368.5273725399836,0.5953092832790028,0.5891659517512928,1.5446690899973525,1.5042271668319955,0.10249589858730306,0.17648830909479113,4.083618989688252,3.859004820790012
scen08,0,live_000258,258,258,1784644565.999,0,vehicle,scen08#seg0:0:1,1,True,0.7328344064644128,True,32.39120101928711,32.21541976928711,-0.17578125,-3.84689998626709,-3.7232680320739746,0.12363195419311523,0.6887999773025513,0.7283403277397156,0.03954035043716431,-0.08625200180217202,-0.08846778852439272,-0.0022157867222207805,4.0416998863220215,3.822687864303589,-0.21901202201843262,-0.3935999870300293,-0.23581340909004211,0.15778657793998718,4.060819981344344,3.829954369414941,0.2699312319214175,0.21490441584381426,0.21851166390347404,141.31386365446394,141.18558550934034,1381.8678650042875,1381.695445094089,0.5111092586742054,0.5506496091113697,1.4578590881535884,1.4556433014313672,0.5013007723862389,0.33772667710107934,4.029758858354981,3.8150348836380075
scen08,0,live_000258,258,258,1784644565.999,1,pedestrian,scen08#seg0:1:5,5,True,0.7679390053104811,True,12.173600196838379,12.306705474853516,0.13310527801513672,11.766799926757812,11.870658874511719,0.10385894775390625,0.5,0.48687294125556946,-0.013127058744430542,-0.03595099884848713,-0.5144056716549456,-0.47845467280645826,0.0,0.01191890612244606,0.01191890612244606,0.0,-0.011393295601010323,-0.011393295601010323,0.0,0.01648840525362242,0.01648840525362242,0.16883037660336916,0.16933994134673366,125.16627524660554,125.06600480005798,1362.0740680820122,1362.20989714228,0.3223092813716542,0.30918222262722367,1.508160091107273,1.0297054183008143,0.0,0.011707260333909935,0.0,0.011610665927574627
scen08,0,live_000258,258,258,1784644565.999,1,pedestrian,scen08#seg0:1:8,8,True,0.0638457949920248,True,15.48289966583252,15.430269241333008,-0.05263042449951172,25.43000030517578,25.723737716674805,0.29373741149902344,0.4648999869823456,0.46351778507232666,-0.001382201910018921,-2.768414998560273,-1.1890915286641077,1.5793234698961651,0.0,-0.0004640173283405602,-0.0004640173283405602,0.0,0.0053886123932898045,0.0053886123932898045,0.0,0.0054085539292972554,0.0054085539292972554,0.29841519481612433,0.29841839584594226,111.59623833433409,111.30120121344545,1365.7467518086457,1365.7019776442771,0.2872092683539998,0.28582706644398087,-1.2243039086045127,0.3550195612916527,0.0,-0.005399074829440331,0.0,-0.00032007279206557775
scen08,0,live_000258,258,258,1784644565.999,1,pedestrian,scen08#seg0:1:7,7,True,0.5608181663253688,True,23.404499053955078,23.828903198242188,0.4244041442871094,19.300500869750977,19.685911178588867,0.3854103088378906,0.5561000108718872,0.5090083479881287,-0.047091662883758545,-1.7647790098455882,-2.5370776840311513,-0.7722986741855631,0.0,-0.033291690051555634,-0.033291690051555634,0.0,0.037078019231557846,0.037078019231557846,0.0,0.04983087533472216,0.04983087533472216,0.5732887438687347,0.5752196176763701,117.93492015347753,117.56097104321931,1373.5019831392015,1373.936519727746,0.3784092922435414,0.3313176293597829,-0.22066791988982803,-0.9929665940753907,0.0,-0.03795310955102934,0.0,-0.03229051891859571
scen08,0,live_000259,259,259,1784644566.08,0,vehicle,scen08#seg0:0:6,6,True,0.8787908208309396,True,19.21339988708496,18.952594757080078,-0.2608051300048828,-3.5053000450134277,-3.435736656188965,0.06956338882446289,0.7736999988555908,0.7637584805488586,-0.009941518306732178,-0.0009800000487773378,-0.04029014056715373,-0.039310140518376446,4.088399887084961,3.88732647895813,-0.20107340812683105,0.0003000000142492354,-0.07412369549274445,-0.07442369550699368,4.088399898091713,3.8880331115157074,0.21440476186096447,0.26992291659213974,0.2701059323447938,140.59876713170294,140.5226697193749,1369.0331677137146,1368.7741936518119,0.5961903321506595,0.5862488138439274,1.5446761154410567,1.5053659749226806,0.10247250516961792,0.17181818740626986,4.087115500252053,3.8842348006678145
scen08,0,live_000259,259,259,1784644566.08,0,vehicle,scen08#seg0:0:1,1,True,0.7368005906220176,True,32.3656005859375,32.2112922668457,-0.15430831909179688,-3.9272000789642334,-3.793943405151367,0.1332566738128662,0.689300000667572,0.7229658961296082,0.03366589546203613,-0.08920500081443133,-0.08663833825336101,0.0025666625610702987,4.0406999588012695,3.8182156085968018,-0.22248435020446777,-0.40369999408721924,-0.24107974767684937,0.16262024641036987,4.060816400957153,3.8258188507131616,0.2755805338344377,0.20388329616867693,0.2066441167172808,141.35114812164767,141.21405462162235,1382.1706067985408,1382.019696988696,0.5117903339626407,0.5454562294246769,1.456451114675403,1.4590177772364736,0.5051457759317959,0.33698420286486713,4.029275069704334,3.8109489009289677
scen08,0,live_000259,259,259,1784644566.08,1,pedestrian,scen08#seg0:1:5,5,True,0.6852602107954198,True,11.868599891662598,12.02613353729248,0.1575336456298828,11.747400283813477,11.8134765625,0.06607627868652344,0.4999000132083893,0.4793608486652374,-0.020539164543151855,-0.03748800283354582,-0.09938072733836244,-0.06189272450481642,0.0,-0.023800957947969437,-0.023800957947969437,0.0,-0.0303758904337883,-0.0303758904337883,0.0,0.03858989918212434,0.03858989918212434,0.17083010305710353,0.1720604004140153,125.16625625903637,125.10416087231953,1362.0741043817152,1362.2332492435835,0.322390346503458,0.30185118196030614,1.5081681126562883,1.4462753881514718,0.0,0.029767993615255235,0.0,-0.02455701274602928
scen08,0,live_000259,259,259,1784644566.08,1,pedestrian,scen08#seg0:1:8,8,True,0.08202623297796396,True,15.19890022277832,16.049318313598633,0.8504180908203125,25.405399322509766,25.917720794677734,0.5123214721679688,0.46480000019073486,0.4507210850715637,-0.014078915119171143,-2.7700450046906204,-1.3209976712993476,1.449047333391273,0.0,0.015460689552128315,0.015460689552128315,0.0,0.007092965301126242,0.007092965301126242,0.0,0.017010087542110724,0.017010087542110724,0.9928163072989988,0.9929161273187946,111.59628876203136,111.10550662113417,1365.7466811564998,1366.6097090298706,0.2872903334858036,0.27321141836663243,-1.2243888892007861,0.22465844419048686,0.0,-0.006702079874843753,0.0,0.0156341038611583
scen08,0,live_000259,259,259,1784644566.08,1,pedestrian,scen08#seg0:1:7,7,True,0.5597839050339459,True,23.111000061035156,23.534137725830078,0.4231376647949219,19.263700485229492,19.65273094177246,0.38903045654296875,0.5559999942779541,0.5071800947189331,-0.048819899559020996,-1.7663300102402149,-2.4909979008989507,-0.7246678906587358,0.0,-0.03391236811876297,-0.03391236811876297,0.0,0.03830356523394585,0.03830356523394585,0.0,0.05115869252681929,0.05115869252681929,0.5747957719800402,0.5768652893692627,117.93493774129738,117.5566668675569,1373.5018934408956,1373.9346766725089,0.3784903275730228,0.3296704280140018,-0.22067389475038057,-0.9453417854091164,0.0,-0.03914393566148607,0.0,-0.03293879357206445
scen08,0,live_000260,260,260,1784644566.196,0,vehicle,scen08#seg0:0:6,6,True,0.8775094042823639,True,19.250099182128906,19.068727493286133,-0.18137168884277344,-3.5848000049591064,-3.4991652965545654,0.08563470840454102,0.7732999920845032,0.7639670968055725,-0.009332895278930664,-0.005099999883847638,-0.055407407148604315,-0.05030740726475669,4.097400188446045,3.8133902549743652,-0.2840099334716797,-0.01679999940097332,-0.11784959584474564,-0.10104959644377232,4.097434629650308,3.815210841352575,0.3014509300898525,0.200571664990872,0.20078868427154475,140.6114908562731,140.52205747068467,1369.543748002816,1369.3642190014277,0.5964577384610792,0.5871248431821485,1.5446460102199495,1.4943386029551924,0.10304147917748345,0.1980906305850726,4.096138791328545,3.8100648112661593
scen08,0,live_000260,260,260,1784644566.196,0,vehicle,scen08#seg0:0:1,1,True,0.7188051926063963,True,32.394100189208984,32.223655700683594,-0.17044448852539062,-4.110000133514404,-3.9452106952667236,0.16478943824768066,0.6879000067710876,0.70529705286026,0.017397046089172363,-0.09615000022657437,-0.08468073932245662,0.011469260904117817,4.03879976272583,3.818455696105957,-0.22034406661987305,-0.42089998722076416,-0.2538294792175293,0.16707050800323486,4.06067239784702,3.8268829754310323,0.27652135964341346,0.23707990768234277,0.23771735283587725,141.41323957717316,141.24489900249097,1382.6737821473903,1382.5068440344794,0.5110577531476637,0.528454799236836,1.4535960098772227,1.4650652707813396,0.5058184723317941,0.33414700891603366,4.029045544007239,3.8122669219345515
scen08,0,live_000260,260,260,1784644566.196,1,pedestrian,scen08#seg0:1:5,5,True,0.6992269903321215,True,11.456999778747559,11.640265464782715,0.18326568603515625,11.699799537658691,11.877238273620605,0.17743873596191406,0.4991999864578247,0.4854373633861542,-0.013762623071670532,-0.04161199988868978,-0.3819321357639869,-0.34032013587529697,0.0,-0.023022456094622612,-0.023022456094622612,0.0,-0.019531691446900368,-0.019531691446900368,0.0,0.03019139704296154,0.03019139704296154,0.2550898208429696,0.2554608120466057,125.16624251724116,124.99270060861141,1362.0740970581728,1362.261057007485,0.3223577328344007,0.3085951097627302,1.508134010215107,1.16781387433981,0.0,0.019042770004444307,0.0,-0.02342847340232784
scen08,0,live_000260,260,260,1784644566.196,1,pedestrian,scen08#seg0:1:8,8,True,0.053621916250827795,True,14.843199729919434,15.580530166625977,0.737330436706543,25.3439998626709,25.808616638183594,0.4646167755126953,0.46399998664855957,0.4586379826068878,-0.005362004041671753,-2.7740659990335734,-1.3334728718697566,1.440593127163817,0.0,0.010539011098444462,0.010539011098444462,0.0,0.011052479967474937,0.011052479967474937,0.0,0.015271806322913159,0.015271806322913159,0.8715072696091959,0.871523764488966,111.59634037840715,111.14734643157239,1365.7467403243843,1366.493687013705,0.2871577330251356,0.28179572898346383,-1.2243199889297767,0.21627313823404037,0.0,-0.010828198156041125,0.0,0.010769317204822128
scen08,0,live_000260,260,260,1784644566.196,1,pedestrian,scen08#seg0:1:7,7,True,0.576476002678703,True,22.730100631713867,23.1790828704834,0.44898223876953125,19.17009925842285,19.590721130371094,0.4206218719482422,0.5552999973297119,0.47933658957481384,-0.07596340775489807,-1.7703430010600933,-2.5220314983808887,-0.7516884973207953,0.0,-0.03470620512962341,-0.03470620512962341,0.0,0.03983188793063164,0.03983188793063164,0.0,0.05283086191439523,0.05283086191439523,0.6152298837765797,0.6199018061027736,117.93488265743171,117.52380449448066,1373.5019409202991,1373.9596772568912,0.37845774370628793,0.30249433595138986,-0.2205969909562966,-0.9722854882770919,0.0,-0.04055358584171791,0.0,-0.03386010404585778
scen08,0,live_000261,261,261,1784644566.283,0,vehicle,scen08#seg0:0:6,6,True,0.874345227992535,True,19.221500396728516,19.1398868560791,-0.08161354064941406,-3.652899980545044,-3.5980072021484375,0.054892778396606445,0.7718999981880188,0.7533549666404724,-0.018545031547546387,-0.008493999531974215,-0.06096120201977047,-0.05246720248779635,4.103799819946289,3.8932409286499023,-0.21055889129638672,-0.030400000512599945,-0.135945126414299,-0.10554512590169907,4.103912416490191,3.895613687971454,0.2355309327998535,0.09835642905998827,0.10008948662338116,140.61938591936482,140.563064956054,1369.8584494485303,1369.777814863958,0.5954310167890482,0.5768859852415018,1.5446978338113269,1.4922306313235305,0.10263687530278164,0.2044590552902893,4.10262876629734,3.8902445296690997
scen08,0,live_000261,261,261,1784644566.283,0,vehicle,scen08#seg0:0:1,1,True,0.7280087891033169,True,32.3588981628418,32.22329330444336,-0.1356048583984375,-4.254000186920166,-4.089731216430664,0.16426897048950195,0.6858999729156494,0.7021825313568115,0.01628255844116211,-0.10158199980037205,-0.09456610575225254,0.007015894048119531,4.0370001792907715,3.8129019737243652,-0.22409820556640625,-0.4375,-0.28619423508644104,0.15130576491355896,4.0606374742882085,3.823627675575627,0.27039497080042085,0.21300932441313725,0.21363074216116698,141.4516582691611,141.28502762145055,1382.9832299898937,1382.8505378668024,0.5094309915166788,0.5257135499578409,1.4516098335429293,1.4586257275910484,0.508497879477153,0.3532706285450794,4.028673057491878,3.8072731008472767
scen08,0,live_000261,261,261,1784644566.283,1,pedestrian,scen08#seg0:1:5,5,True,0.7416005392770586,True,11.166299819946289,11.2490873336792,0.08278751373291016,11.660799980163574,11.71695613861084,0.056156158447265625,0.49880000948905945,0.47931355237960815,-0.019486457109451294,-0.0450100021331437,-0.36743854886550703,-0.3224285467323633,0.0,-0.014024164527654648,-0.014024164527654648,0.0,-0.019578566774725914,-0.019578566774725914,0.0,0.024083136582495404,0.024083136582495404,0.10003642617382526,0.10191667465292259,125.16625849333539,125.11156839353463,1362.0740730718578,1362.1578363069043,0.32233102809008884,0.30284457098063755,1.5081818312101571,1.1857532844777943,0.0,0.01932865741583484,0.0,-0.014366644359502372
scen08,0,live_000261,261,261,1784644566.283,1,pedestrian,scen08#seg0:1:8,8,False,nan,True,14.599499702453613,nan,nan,25.29330062866211,nan,nan,0.46369999647140503,nan,nan,-2.777532000049767,nan,nan,0.0,nan,nan,0.0,nan,nan,0.0,nan,nan,nan,nan,111.59630689324231,nan,1365.7467218347665,nan,0.2872310150724344,nan,-1.2243401667064662,nan,0.0,nan,0.0,nan
scen08,0,live_000261,261,261,1784644566.283,1,pedestrian,scen08#seg0:1:7,7,True,0.595852718568608,True,22.465099334716797,22.874317169189453,0.40921783447265625,19.092199325561523,19.51260757446289,0.4204082489013672,0.5550000071525574,0.5002555251121521,-0.05474448204040527,-1.7738319945949605,-2.4903496467323825,-0.7165176521374219,0.0,-0.03537261486053467,-0.03537261486053467,0.0,0.04142021760344505,0.04142021760344505,0.0,0.05446885631614141,0.05446885631614141,0.5866875930125028,0.5892361921239024,117.93491004905472,117.52177064513342,1373.501941043757,1373.918496159825,0.37853102575358677,0.3237865437131815,-0.22064016125165953,-0.9371578133890814,0.0,-0.04203648413173856,0.0,-0.0346379894080264
scen08,0,live_000262,262,262,1784644566.392,0,vehicle,scen08#seg0:0:6,6,True,0.8684682674357873,True,19.286399841308594,19.13090705871582,-0.15549278259277344,-3.7474000453948975,-3.658949613571167,0.08845043182373047,0.7724999785423279,0.7517737150192261,-0.020726263523101807,-0.013198999846439666,-0.05467504246639572,-0.041476042619955855,4.107999801635742,3.7769131660461426,-0.3310866355895996,-0.05000000074505806,-0.0994638204574585,-0.049463819712400436,4.108304074714261,3.778222613271046,0.3347611532519584,0.17888958697545226,0.18008626357353566,140.63157131687154,140.54111187779645,1370.347192485113,1370.1928598112866,0.5962182937860849,0.5754920302629831,1.5446288696879753,1.5031528270680194,0.10326872285813007,0.1484348206627606,4.107005958261206,3.7753057120513436
scen08,0,live_000262,262,262,1784644566.392,0,vehicle,scen08#seg0:0:1,1,True,0.7213018437695702,True,32.41279983520508,32.25341796875,-0.15938186645507812,-4.457499980926514,-4.28080415725708,0.1766958236694336,0.6862000226974487,0.6949959993362427,0.008795976638793945,-0.1076190030465486,-0.10303102669904954,0.00458797634749919,4.03439998626709,3.8121883869171143,-0.22221159934997559,-0.45910000801086426,-0.3140031397342682,0.14509686827659607,4.060437915612979,3.825098465282781,0.2653885756195054,0.23795796573538766,0.2381204792997741,141.51183592641928,141.33308808198436,1383.4632800471638,1383.3062029910202,0.5099183379412058,0.5187143145799997,1.4502088664878663,1.454796842835366,0.5113798798995883,0.36341355185776697,4.0281070845971,3.807795800648298
scen08,0,live_000262,262,262,1784644566.392,1,pedestrian,scen08#seg0:1:5,5,True,0.7543513406663394,True,10.81350040435791,10.86140251159668,0.04790210723876953,11.609299659729004,11.682790756225586,0.07349109649658203,0.4986000061035156,0.47585856914520264,-0.02274143695831299,-0.049620000307306976,-0.6117310085514122,-0.5621110082441052,0.0,-0.002854986349120736,-0.002854986349120736,0.0,-0.014872446656227112,-0.014872446656227112,0.0,0.015143996057711676,0.015143996057711676,0.08772430189055087,0.09062409225538996,125.16628559103144,125.09342187336479,1362.0741526495897,1362.123003768205,0.3223183213472727,0.2995768843889597,1.5082078692271086,0.9460968609830029,0.0,0.01483417231249701,0.0,-0.0030476135580374745
scen08,0,live_000262,262,262,1784644566.392,1,pedestrian,scen08#seg0:1:8,8,True,0.033023523145301326,True,14.309800148010254,15.39404010772705,1.0842399597167969,25.225799560546875,24.555574417114258,-0.6702251434326172,0.4634999930858612,0.4474586546421051,-0.016041338443756104,-2.7822090058691864,-1.2281098932149939,1.5540991126541925,0.0,0.023392245173454285,0.023392245173454285,0.0,0.005639962386339903,0.005639962386339903,0.0,0.024062549947466587,0.024062549947466587,1.2746678128579043,1.2747687467439028,111.59627103453334,112.28050034467874,1365.7467384393115,1366.822195683591,0.28721830832961825,0.27117696988586215,-1.2243811363347712,0.32971797631942135,0.0,-0.00533613529749028,0.0,0.02346341769779506
scen08,0,live_000262,262,262,1784644566.392,1,pedestrian,scen08#seg0:1:7,7,True,0.5729348914884227,True,22.1466007232666,22.539888381958008,0.39328765869140625,18.98819923400879,19.410484313964844,0.4222850799560547,0.5547000169754028,0.5047395825386047,-0.049960434436798096,-1.7784140089188896,-2.5073518429784323,-0.7289378340595425,0.0,-0.03592986240983009,-0.03592986240983009,0.0,0.042731430381536484,0.042731430381536484,0.0,0.05582947389364708,0.05582947389364708,0.5770614102783685,0.5792200930920587,117.93497521046022,117.51782583137636,1373.501990237935,1373.9007210578654,0.3784183322191599,0.3284578977823618,-0.22058613938447458,-0.9495239734440171,0.0,-0.043193778951397234,0.0,-0.03537269589866248
scen08,0,live_000263,263,263,1784644566.484,0,vehicle,scen08#seg0:0:6,6,True,0.8699810024027954,True,19.236400604248047,19.123546600341797,-0.11285400390625,-3.8401999473571777,-3.7563962936401367,0.08380365371704102,0.7720000147819519,0.7466128468513489,-0.025387167930603027,-0.017707999110621174,-0.06583128543771445,-0.04812328632709306,4.112199783325195,3.753540277481079,-0.3586595058441162,-0.06889999657869339,-0.11620887368917465,-0.04730887711048126,4.112776953289386,3.755338748634648,0.3617661827559346,0.14056698963127015,0.14284112457389242,140.64000395774443,140.5552498098981,1370.6813637918824,1370.5692218595073,0.5955928481832786,0.5702056802526756,1.5446393886432732,1.4965161023161802,0.10364084932920244,0.14791778163898617,4.111470885444605,3.7524244758385
scen08,0,live_000263,263,263,1784644566.484,0,vehicle,scen08#seg0:0:1,1,True,0.7254104839162778,True,32.352901458740234,32.246707916259766,-0.10619354248046875,-4.642499923706055,-4.459616661071777,0.18288326263427734,0.6858999729156494,0.7016185522079468,0.015718579292297363,-0.11325900186997398,-0.11146668845341637,0.0017923134165576116,4.0320000648498535,3.804698944091797,-0.22730112075805664,-0.4781999886035919,-0.3416791558265686,0.13652083277702332,4.060258581919346,3.8200103011248006,0.26514851928683403,0.2114789734614512,0.21206232562922964,141.5530944960203,141.36932054877641,1383.7906179883216,1383.6859733872627,0.5094928063169761,0.5252113856092735,1.44908838588392,1.4508806993004777,0.512248638118046,0.37381224758770887,4.0278159199243335,3.8016763544853496
scen08,0,live_000263,263,263,1784644566.484,1,pedestrian,scen08#seg0:1:5,5,True,0.7276094824537616,True,10.498700141906738,10.506500244140625,0.007800102233886719,11.56029987335205,11.57034969329834,0.010049819946289062,0.49869999289512634,0.4606494903564453,-0.03805050253868103,-0.05413799962504187,-0.281297825983237,-0.2271598263581951,0.0,0.00025834736879915,0.00025834736879915,0.0,-0.004762896336615086,-0.004762896336615086,0.0,0.004769897784681224,0.004769897784681224,0.012721653815912224,0.04012083273385643,125.16623039255246,125.15624683310931,1362.0740915323088,1362.0819762654464,0.322292826296453,0.284242323757772,1.5082093881288525,1.281049561770657,0.0,0.004764909074171932,0.0,0.00021809720580701124
scen08,0,live_000263,263,263,1784644566.484,1,pedestrian,scen08#seg0:1:8,8,True,0.03743235560376856,True,14.056599617004395,13.376932144165039,-0.6796674728393555,25.16080093383789,24.78462791442871,-0.3761730194091797,0.4636000096797943,0.4640345871448517,0.00043457746505737305,-2.7867049925292595,-1.5688647498026294,1.2178402427266306,0.0,0.011342620477080345,0.011342620477080345,0.0,0.007359722163528204,0.007359722163528204,0.0,0.013521114954448491,0.013521114954448491,0.7768230262854308,0.7768231478430777,111.5962748802832,111.96669207257166,1365.7467724558587,1365.0639510166636,0.287192843081121,0.28762742054617835,-1.2243576047753653,-0.006517362048735098,0.0,-0.0072636275109738925,0.0,0.01140439673955768
scen08,0,live_000263,263,263,1784644566.484,1,pedestrian,scen08#seg0:1:7,7,True,0.5770567371658153,True,21.864999771118164,22.189428329467773,0.3244285583496094,18.88789939880371,19.277917861938477,0.3900184631347656,0.5547999739646912,0.4872341454029083,-0.06756582856178284,-1.7830299973761081,-2.482982038521831,-0.699952041145723,0.0,-0.03741529956459999,-0.03741529956459999,0.0,0.04315250366926193,0.04315250366926193,0.0,0.05711429956179469,0.05711429956179469,0.5073147849795139,0.511794326119439,117.93492443446422,117.54766093639797,1373.5018951798575,1373.8296073616943,0.3783928073660178,0.310826978804235,-0.2206826096222141,-0.9206346507679366,0.0,-0.04346707929117036,0.0,-0.03704937559972543
scen08,0,live_000264,264,264,1784644566.591,0,vehicle,scen08#seg0:0:6,6,True,0.8744479336115134,True,19.23590087890625,19.095458984375,-0.14044189453125,-3.954400062561035,-3.870487928390503,0.08391213417053223,0.771399974822998,0.744262158870697,-0.027137815952301025,-0.02313199857311891,-0.07810865616977057,-0.05497665759665171,4.115200042724609,3.625404119491577,-0.4897959232330322,-0.09160000085830688,-0.14377780258655548,-0.052177801728248596,4.116219376053452,3.628253999672999,0.49256732474748144,0.16360064792225046,0.16583616329148812,140.65104974443148,140.5667138786473,1371.1205169182144,1370.9803290665902,0.594570372682715,0.5674325567304139,1.5446444680862967,1.489667810489645,0.10402689285293468,0.15472534372724342,4.1149046595712555,3.6249534002731125
scen08,0,live_000264,264,264,1784644566.591,0,vehicle,scen08#seg0:0:1,1,True,0.36714034721930133,True,32.3390998840332,32.23324203491211,-0.10585784912109375,-4.871399879455566,-4.696487903594971,0.1749119758605957,0.6855999827384949,0.7217594981193542,0.036159515380859375,-0.12013899400377939,-0.1234197370765347,-0.0032807430727554987,4.029200077056885,3.7918262481689453,-0.23737382888793945,-0.5026000142097473,-0.3927518129348755,0.10984820127487183,4.060426090355401,3.8121123124675393,0.2615587160930515,0.20445068725734786,0.20762368379493817,141.60761514819364,141.43238429447945,1384.220886968731,1384.115557811198,0.5087703805982118,0.5449298959790712,1.4476374726556358,1.4443567295828812,0.5147653246639009,0.40420078959848965,4.027663925374424,3.790622904557319
scen08,0,live_000264,264,264,1784644566.591,1,pedestrian,scen08#seg0:1:5,5,True,0.6713409309631402,True,10.142800331115723,9.902200698852539,-0.2405996322631836,11.503000259399414,11.261594772338867,-0.24140548706054688,0.4991999864578247,0.4571455717086792,-0.04205441474914551,-0.059568998765579376,-0.24894457211222662,-0.18937557334664712,0.0,0.009711704216897488,0.009711704216897488,0.0,-0.009545566514134407,-0.009545566514134407,0.0,0.013617453465030403,0.013617453465030403,0.34082956477999243,0.3434142775541113,125.1662600546103,125.40693786478262,1362.0741369489904,1361.8328094041083,0.3223703843175416,0.2803159695683961,1.5082074678938362,1.3188318945471895,0.0,0.009574850932342777,0.0,0.009682833701746777
scen08,0,live_000264,264,264,1784644566.591,1,pedestrian,scen08#seg0:1:7,7,True,0.5845986950188475,True,21.548799514770508,21.824420928955078,0.2756214141845703,18.76889991760254,19.134571075439453,0.36567115783691406,0.5552999973297119,0.4939192235469818,-0.0613807737827301,-1.7883820014793121,-2.499936416892569,-0.7115544154132567,0.0,-0.03807012736797333,-0.03807012736797333,0.0,0.043287575244903564,0.043287575244903564,0.0,0.05764675852462912,0.05764675852462912,0.4579110826687773,0.46200666555912207,117.93483799715561,117.57000084355266,1373.5020260912409,1373.7787505227277,0.3784703951894288,0.3170896214066987,-0.22060553481989675,-0.932159950233153,0.0,-0.043402344148587596,0.0,-0.03793923155263511
scen08,0,live_000264,264,264,1784644566.591,1,pedestrian,scen08#seg0:1:8,8,True,0.04752962134668692,True,13.774399757385254,13.333014488220215,-0.44138526916503906,25.0841007232666,25.010831832885742,-0.07326889038085938,0.46399998664855957,0.4341098964214325,-0.029890090227127075,-2.792092015400351,-1.4721365622714484,1.3199554531289026,0.0,0.004933462478220463,0.004933462478220463,0.0,0.011252442374825478,0.011252442374825478,0.0,0.012286436074907045,0.012286436074907045,0.44742517378164626,0.44842246110930056,111.59618842316053,111.668124059699,1365.7467327775366,1365.3051282595238,0.2871703845082765,0.2572802942811494,-1.2243155487409354,0.09563990438796743,0.0,-0.011237492722206104,0.0,0.004967420733252022
scen08,0,live_000265,265,265,1784644566.723,0,vehicle,scen08#seg0:0:6,6,True,0.8779967700930058,True,19.185699462890625,19.136289596557617,-0.04940986633300781,-4.116799831390381,-4.025216102600098,0.0915837287902832,0.7731999754905701,0.7558838725090027,-0.017316102981567383,-0.03079800057001288,-0.07343070773179203,-0.04263270716177914,4.116300106048584,3.7740652561187744,-0.34223484992980957,-0.12309999763965607,-0.16157332062721252,-0.03847332298755646,4.118140377946637,3.777522269342879,0.34439060540058886,0.1040620693152786,0.10549294617483244,140.66416006132613,140.57280663187169,1371.6395826208534,1371.58974824319,0.5956819623588587,0.5783658593772913,1.5446393797144875,1.5020066725527084,0.10399477150313718,0.14405600468831975,4.116827086479887,3.7747744784151824
scen08,0,live_000265,265,265,1784644566.723,0,vehicle,scen08#seg0:0:1,1,True,0.6470474963256194,True,32.27040100097656,32.5161247253418,0.24572372436523438,-5.185800075531006,-5.08015775680542,0.10564231872558594,0.6877999901771545,0.7471310496330261,0.05933105945587158,-0.12847200141258147,-0.09162749287421408,0.03684450853836729,4.025100231170654,3.9826903343200684,-0.04240989685058594,-0.5346999764442444,-0.38623902201652527,0.14846095442771912,4.060460064546816,4.0013751237811706,0.15439965783791954,0.2674704623348903,0.27397193804803466,141.67242221095646,141.56564061710924,1384.7291045105321,1384.9743352986422,0.5102819770454432,0.5696130365013148,1.4469653788719183,1.4838098874102865,0.5160135794901054,0.3677510498309725,4.027538444454794,3.9844399915876507
scen08,0,live_000265,265,265,1784644566.723,1,pedestrian,scen08#seg0:1:5,5,True,0.6438957146529845,True,9.69219970703125,9.753936767578125,0.061737060546875,11.425299644470215,11.387317657470703,-0.03798198699951172,0.4999000132083893,0.43279263377189636,-0.06710737943649292,-0.0672489995740773,-0.05266167113227037,0.014587328441806768,0.0,0.011602988466620445,0.011602988466620445,0.0,-0.013284135609865189,-0.013284135609865189,0.0,0.017637959072914742,0.017637959072914742,0.07248514317706482,0.09878004027248126,125.1662876507393,125.20398270471368,1362.0740536507847,1362.1359663222445,0.32238200007667794,0.255274620640185,1.5081883807104228,1.5227757091522296,0.0,0.013230142647319388,0.0,0.011664515668873532
scen08,0,live_000265,265,265,1784644566.723,1,pedestrian,scen08#seg0:1:7,7,True,0.5719640863586974,True,21.153600692749023,21.430295944213867,0.27669525146484375,18.603599548339844,18.964996337890625,0.36139678955078125,0.5559999942779541,0.51149982213974,-0.04450017213821411,-1.7960799967417846,-2.541565332659524,-0.7454853359177394,0.0,-0.03823261708021164,-0.03823261708021164,0.0,0.04412602633237839,0.04412602633237839,0.0,0.058385265338849336,0.058385265338849336,0.45515700772459255,0.45732719906117053,117.93487227070317,117.57219522042394,1373.5020164467812,1373.7770314625197,0.37848198114624276,0.33398180900802865,-0.22064261645728456,-0.9661279523750235,0.0,-0.04394811212573452,0.0,-0.038436995840878466
scen08,0,live_000265,265,265,1784644566.723,1,pedestrian,scen08#seg0:1:8,8,True,0.0715069087482263,True,13.427800178527832,13.265377044677734,-0.16242313385009766,24.978099822998047,25.10134506225586,0.1232452392578125,0.46480000019073486,0.4185880124568939,-0.04621198773384094,-2.7997779933064164,-1.6275123303131487,1.1722656629932677,0.0,0.0019618377555161715,0.0019618377555161715,0.0,0.003632636507973075,0.003632636507973075,0.0,0.004128541555807274,0.004128541555807274,0.20388885062553613,0.20906030522247607,111.59629637202346,111.47380627182217,1365.7467148463384,1365.5837214760375,0.2872819870590235,0.24106999932518255,-1.2243406130219163,-0.052074950028648814,0.0,-0.0036417023469541023,0.0,0.001944957427353238
scen08,0,live_000266,266,266,1784644566.792,0,vehicle,scen08#seg0:0:6,6,True,0.8751605528916571,True,19.203100204467773,19.1923770904541,-0.010723114013671875,-4.206600189208984,-4.090362548828125,0.11623764038085938,0.7687000036239624,0.7580613493919373,-0.010638654232025146,-0.034995001634331974,-0.054331004884923796,-0.019336003250591816,4.1178998947143555,3.809427261352539,-0.3084726333618164,-0.14079999923706055,-0.11778520047664642,0.023014798760414124,4.120306321461264,3.8112477501452497,0.309329996112818,0.11673120497733327,0.11721499553951611,140.67219296638265,140.55605411575843,1371.9564715591082,1371.944726705293,0.5908102120024132,0.5801715577703881,1.5445950995443827,1.5252590962937909,0.10458313930979711,0.08428183419612448,4.1189788236461915,3.8103157330347006
scen08,0,live_000266,266,266,1784644566.792,0,vehicle,scen08#seg0:0:1,1,True,0.6950121005345125,True,32.275901794433594,32.46968460083008,0.19378280639648438,-5.361100196838379,-5.242992877960205,0.11810731887817383,0.6840999722480774,0.7391110062599182,0.05501103401184082,-0.13380199174222462,-0.0976305355200064,0.03617145622221818,4.023200035095215,3.980926036834717,-0.04227399826049805,-0.54830002784729,-0.4083772897720337,0.13992273807525635,4.060390553004412,4.00181760223403,0.1461692975949648,0.22693857060334185,0.23351087488710218,141.71169054917684,141.59188373660027,1385.0389199711444,1385.2316566892023,0.5062101806265282,0.561221214638369,1.4457881094364904,1.481959565658709,0.5129001704042576,0.373354585651323,4.027866042723709,3.9843632458553833
scen08,0,live_000266,266,266,1784644566.792,1,pedestrian,scen08#seg0:1:5,5,True,0.5971553598710777,True,9.457500457763672,9.466289520263672,0.0087890625,11.385600090026855,11.41423225402832,0.028632164001464844,0.5001999735832214,0.43239521980285645,-0.06780475378036499,-0.07145200075498227,-0.05554714958087022,0.015904851174112,0.0,-0.01592724397778511,-0.01592724397778511,0.0,-0.0198533833026886,-0.0198533833026886,0.0,0.02545258197691084,0.02545258197691084,0.029950766852214077,0.07412511767445368,125.16629506020061,125.1375867152248,1362.0741361016455,1362.0826730427714,0.3223101819616723,0.25450542818130734,1.5081381004237322,1.5240429515978446,0.0,0.019992674456870314,0.0,-0.015752044227749357
scen08,0,live_000266,266,266,1784644566.792,1,pedestrian,scen08#seg0:1:7,7,True,0.5598949619666058,True,20.948400497436523,21.22991943359375,0.28151893615722656,18.51609992980957,18.889081954956055,0.3729820251464844,0.5562999844551086,0.5286874771118164,-0.027612507343292236,-1.8002509998467553,-2.506314837587287,-0.7060638377405315,0.0,-0.03770473971962929,-0.03770473971962929,0.0,0.04705282300710678,0.04705282300710678,0.0,0.06029606579423825,0.06029606579423825,0.4672991573900699,0.46811425214284247,117.93502384101795,117.55958065511305,1373.50188864716,1373.7801168208864,0.37841019283355953,0.3507976854902673,-0.22066089866804006,-0.9267247364085716,0.0,-0.04671944100948086,0.0,-0.03811704844324579
scen08,0,live_000266,266,266,1784644566.792,1,pedestrian,scen08#seg0:1:8,8,True,0.10451208051836147,True,13.249199867248535,13.175894737243652,-0.07330513000488281,24.92289924621582,24.91292953491211,-0.009969711303710938,0.4650999903678894,0.4075292646884918,-0.05757072567939758,-2.8039140108121083,-1.4937286324415682,1.31018537837054,0.0,0.0004787255893461406,0.0004787255893461406,0.0,0.0005670480313710868,0.0005670480313710868,0.0,0.0007421062321370402,0.0007421062321370402,0.0739799785652315,0.09374126990693352,111.5961764040805,111.60679035037171,1365.7466464848662,1365.673431859465,0.2872101987463403,0.2296394730669427,-1.2243239096333933,0.08586146873714684,0.0,-0.0005712358570345625,0.0,0.0004737206512435612
scen08,0,live_000267,267,267,1784644566.909,0,vehicle,scen08#seg0:0:6,6,True,0.8778674041742534,True,19.225099563598633,19.21141242980957,-0.0136871337890625,-4.3653998374938965,-4.231036186218262,0.13436365127563477,0.7699999809265137,0.7549250721931458,-0.01507490873336792,-0.042125002868364896,-0.07432708964331004,-0.03220208677494529,4.117300033569336,3.8843047618865967,-0.23299527168273926,-0.17010000348091125,-0.18805330991744995,-0.017953306436538696,4.120812247314146,3.888854269651384,0.2336859384698141,0.13505898124700957,0.13589768684123898,140.6851428496928,140.5510150578453,1372.4683259773333,1372.4524936095509,0.5914621353299175,0.5763872265965496,1.5446508897545819,1.5124488029796357,0.10428841975284428,0.12596243891499473,4.119492384156052,3.886813732939667
scen08,0,live_000267,267,267,1784644566.909,0,vehicle,scen08#seg0:0:1,1,True,0.7115767518289822,True,32.277000427246094,32.405914306640625,0.12891387939453125,-5.664299964904785,-5.5058441162109375,0.15845584869384766,0.6862999796867371,0.7591140270233154,0.07281404733657837,-0.14131300881863548,-0.10820888514061057,0.033104123678024955,4.018899917602539,3.9754445552825928,-0.04345536231994629,-0.5777000188827515,-0.42668136954307556,0.1510186493396759,4.06020859803075,3.9982766791758126,0.15714643159403208,0.2042719860525062,0.21686154517426268,141.77532231267398,141.61482679397017,1385.5393154744588,1385.66568094744,0.5077621340901409,0.5805761814267193,1.4454628838043106,1.4785670074823356,0.5134087208524499,0.36310372041722555,4.027617825076689,3.9817549009777506
scen08,0,live_000267,267,267,1784644566.909,1,pedestrian,scen08#seg0:1:5,5,True,0.6288442172545956,True,9.0802001953125,9.099065780639648,0.018865585327148438,11.31760025024414,11.304710388183594,-0.012889862060546875,0.5008999705314636,0.4383867383003235,-0.06251323223114014,-0.07859900096275989,-0.10295131952512704,-0.02435231856236708,0.0,-0.022421367466449738,-0.022421367466449738,0.0,-0.013480761088430882,-0.013480761088430882,0.0,0.02616196931786525,0.02616196931786525,0.022848607258995988,0.06655796764971345,125.16624920740678,125.17883597277843,1362.0741249467558,1362.093194089137,0.3223621249348675,0.25984889270372735,1.5081768916601863,1.4838245730978192,0.0,0.013837308462140967,0.0,-0.022203097376548277
scen08,0,live_000267,267,267,1784644566.909,1,pedestrian,scen08#seg0:1:7,7,True,0.5403133216042022,True,20.622100830078125,20.85780143737793,0.2357006072998047,18.365400314331055,18.71862030029297,0.35321998596191406,0.5569999814033508,0.5108955502510071,-0.04610443115234375,-1.8073819973839391,-2.5106145936027486,-0.7032325962188093,0.0,-0.03990251570940018,-0.03990251570940018,0.0,0.04771440848708153,0.04771440848708153,0.0,0.06220028566824276,0.06220028566824276,0.42464000608095265,0.4271355210425758,117.93492222784366,117.57798110458711,1373.501936028533,1373.7319624819959,0.3784621358067547,0.33235770465441095,-0.22060610476099285,-0.9238387009798021,0.0,-0.04707071902158408,0.0,-0.04065984441684558
scen08,0,live_000267,267,267,1784644566.909,1,pedestrian,scen08#seg0:1:8,8,True,0.0696075974809296,True,12.969099998474121,12.786002159118652,-0.18309783935546875,24.827199935913086,24.817371368408203,-0.009828567504882812,0.4657999873161316,0.4205978512763977,-0.04520213603973389,-2.811074983072955,-1.4748650725487553,1.3362099105242002,0.0,-0.0032787825912237167,-0.0032787825912237167,0.0,0.001665997551754117,0.001665997551754117,0.0,0.003677766050602243,0.003677766050602243,0.18336144500913784,0.18885087402073014,111.59623401392302,111.60898702607139,1365.746659901617,1365.56374248802,0.28726214171953546,0.24206000567980157,-1.2242990904500088,0.11191082007419073,0.0,-0.0016133935604080475,0.0,-0.0033049847718554268
scen08,0,live_000268,268,268,1784644566.98,0,vehicle,scen08#seg0:0:6,6,True,0.877160752125036,True,19.174400329589844,19.1501522064209,-0.024248123168945312,-4.47760009765625,-4.326691150665283,0.1509089469909668,0.7670000195503235,0.7541602253913879,-0.012839794158935547,-0.04740400001941856,-0.0887561094252727,-0.04135210940585399,4.116199970245361,3.821140766143799,-0.2950592041015625,-0.19200000166893005,-0.24865934252738953,-0.05665934085845947,4.12067545381686,3.8292229268236877,0.3004500205218209,0.15284463274560467,0.15338299147292248,140.69188778305738,140.54152633241657,1372.7351158187018,1372.7076765052932,0.5880342594663056,0.5751944653073701,1.5445764253281205,1.5032243159222665,0.1047654576779111,0.1676621813803335,4.119343442172105,3.82555062915745
scen08,0,live_000268,268,268,1784644566.98,0,vehicle,scen08#seg0:0:1,1,True,0.6816547261160508,True,32.21310043334961,32.34378433227539,0.13068389892578125,-5.87060022354126,-5.720252990722656,0.15034723281860352,0.6843000054359436,0.7516635656356812,0.06736356019973755,-0.14679300594127628,-0.12084531621153331,0.02594768972974304,4.015600204467773,3.972036361694336,-0.0435638427734375,-0.597000002861023,-0.46552538871765137,0.13147461414337158,4.05973570636534,3.9992232678562343,0.13850408860873828,0.1992048489737516,0.21028652143549012,141.80838290577887,141.65530119352766,1385.8003976138812,1385.9278674582713,0.5053342453519257,0.5726978055516633,1.4451874194062633,1.4711351091360054,0.5118055431076001,0.38128322024685324,4.027345166680156,3.9810061356547655
scen08,0,live_000268,268,268,1784644566.98,1,pedestrian,scen08#seg0:1:5,5,True,0.6103446970102944,True,8.84469985961914,8.90539836883545,0.060698509216308594,11.270299911499023,11.408994674682617,0.13869476318359375,0.5012999773025513,0.46274223923683167,-0.038557738065719604,-0.08380699794912067,-0.08340496483338553,0.00040203311573527856,0.0,-0.018829887732863426,-0.018829887732863426,0.0,-0.009759889915585518,-0.009759889915585518,0.0,0.02120896327491253,0.02120896327491253,0.151395331353498,0.15622818414223502,125.16633022929643,125.02638083866867,1362.0741529568156,1362.1318999430446,0.3223342172185334,0.2837764791528138,1.5081734273984182,1.5085754605141535,0.0,0.010156564407059717,0.0,-0.018618923777754617
scen08,0,live_000268,268,268,1784644566.98,1,pedestrian,scen08#seg0:1:7,7,True,0.4715921691843761,True,20.423099517822266,20.598007202148438,0.17490768432617188,18.257999420166016,18.575035095214844,0.3170356750488281,0.5575000047683716,0.4773826599121094,-0.08011734485626221,-1.8126469993867784,-2.487634577896827,-0.6749875785100485,0.0,-0.04248923063278198,-0.04248923063278198,0.0,0.0461791530251503,0.0461791530251503,0.0,0.06275228198150237,0.06275228198150237,0.36208330158957885,0.370841079489351,117.93493896863323,117.61426944384897,1373.5019376723108,1373.6700904991221,0.3785342446843537,0.2984168998280915,-0.22066657403923928,-0.8956541525492883,0.0,-0.04526876286645413,0.0,-0.04345788768942562
scen08,0,live_000268,268,268,1784644566.98,1,pedestrian,scen08#seg0:1:8,8,True,0.07214847965189986,True,12.803899765014648,12.977608680725098,0.17370891571044922,24.75950050354004,25.05221939086914,0.29271888732910156,0.46619999408721924,0.42425501346588135,-0.04194498062133789,-2.816345018424563,-2.2098624305358703,0.6064825878886926,0.0,0.004356950055807829,0.004356950055807829,0.0,-0.0035508270375430584,-0.0035508270375430584,0.0,0.005620621534968411,0.005620621534968411,0.3403808666721548,0.3429555595056182,111.5962904636047,111.29995766340319,1365.7467293359732,1365.914198753842,0.28723423400320136,0.24528925338186347,-1.2243645930770237,-0.6178820051883314,0.0,0.0034577391659057917,0.0,0.004431187910697511
scen08,0,live_000269,269,269,1784644567.12,0,vehicle,scen08#seg0:0:6,6,True,0.8758906907765152,True,19.171899795532227,19.255128860473633,0.08322906494140625,-4.730000019073486,-4.580613136291504,0.14938688278198242,0.7687000036239624,0.7624761462211609,-0.006223857402801514,-0.058862999658457205,-0.07194433893251066,-0.013081339274053416,4.1132001876831055,3.848191738128662,-0.26500844955444336,-0.23919999599456787,-0.22998017072677612,0.009219825267791748,4.120149563066872,3.85505778586122,0.26516878306697145,0.17100736240974707,0.17112058438220978,140.70738458757037,140.5553606477571,1373.343314831482,1373.4216234499222,0.5888211416218961,0.5825972842190946,1.5445798620887103,1.5314985228146574,0.10481465595076664,0.10424981435862488,4.118816129658868,3.8536479481830463
scen08,0,live_000269,269,269,1784644567.12,0,vehicle,scen08#seg0:0:1,1,True,0.676105532042385,True,32.1781005859375,32.24913787841797,0.07103729248046875,-6.331999778747559,-6.11522912979126,0.21677064895629883,0.6870999932289124,0.7297634482383728,0.04266345500946045,-0.15838799216653157,-0.13401243737599225,0.024375554790539322,4.008399963378906,3.966618776321411,-0.04178118705749512,-0.6414999961853027,-0.4651879072189331,0.17631208896636963,4.059407901593748,3.9938032382289816,0.18119497870420812,0.2281135926942772,0.23206891555146902,141.88399875184137,141.66502489977543,1386.3948757089702,1386.458799595611,0.5072211312268461,0.5498845862363065,1.4450548695806367,1.4694304243711755,0.5103210467390062,0.3354666745127678,4.027203116404357,3.979689236106212
scen08,0,live_000269,269,269,1784644567.12,1,pedestrian,scen08#seg0:1:5,5,True,0.6623366730777107,True,8.416000366210938,8.548754692077637,0.13275432586669922,11.170599937438965,11.304573059082031,0.1339731216430664,0.5022000074386597,0.48440131545066833,-0.017798691987991333,-0.09528099727783733,-0.42915608110935594,-0.33387508383151854,0.0,0.004156996961683035,0.004156996961683035,0.0,-0.01003351528197527,-0.01003351528197527,0.0,0.010860573311435877,0.010860573311435877,0.1886067558681545,0.18944471962974588,125.16633775389852,125.02810282101377,1362.0741394036022,1362.2024500099037,0.3223211454365934,0.30452245344860207,1.508161864469331,1.1742867806378126,0.0,0.009892481474311344,0.0,0.00448228322771778
scen08,0,live_000269,269,269,1784644567.12,1,pedestrian,scen08#seg0:1:7,7,True,0.3752460884287778,True,20.07379913330078,19.46004867553711,-0.6137504577636719,18.025100708007812,17.571828842163086,-0.45327186584472656,0.5583000183105469,0.5715495347976685,0.013249516487121582,-1.824119002650105,2.6822217738821066,-1.7768445306473746,0.0,0.0015736455097794533,0.0015736455097794533,0.0,-0.0008421634556725621,-0.0008421634556725621,0.0,0.0017848247747382338,0.0017848247747382338,0.7629842781941687,0.7630993110065157,117.93497027563966,118.40803388197627,1373.5019903521431,1372.903362059184,0.3784211563084806,0.3916706727956022,-0.22067614090293697,-1.997520671550312,0.0,0.0007903497602985968,0.0,0.001600295826688096
scen08,0,live_000269,269,269,1784644567.12,1,pedestrian,scen08#seg0:1:8,8,True,0.08069138425085765,True,12.529600143432617,12.720900535583496,0.1913003921508789,24.613500595092773,24.7568302154541,0.14332962036132812,0.46709999442100525,0.4487656354904175,-0.01833435893058777,-2.8277999863650245,2.7933665665663647,-0.6620187542481979,0.0,0.0011107958853244781,0.0011107958853244781,0.0,-0.014897900633513927,-0.014897900633513927,0.0,0.014939254023709098,0.014939254023709098,0.2390381143458141,0.23974021111903218,111.59632923149846,111.44683179880991,1365.7467610722058,1365.9332811454674,0.287221132418939,0.2688867734883512,-1.2243571246178564,-1.886375878866053,0.0,0.0148537050799049,0.0,0.0015964824409043213
